frame,track_id,bbox_x1,bbox_y1,bbox_x2,bbox_y2,center_x,center_y,field_x,field_y,timestamp_sec
2,1,144,668,231,822,187,822,-79.6820068359375,585.5442504882812,0.06666666666666667
2,2,893,656,963,825,928,825,703.2030029296875,624.49462890625,0.06666666666666667
2,3,1399,680,1463,779,1431,779,1262.8736572265625,413.3677673339844,0.06666666666666667
2,4,1461,742,1572,861,1516,861,1288.446533203125,801.066162109375,0.06666666666666667
3,1,144,668,231,822,187,822,-79.6820068359375,585.5442504882812,0.1
3,2,893,656,963,825,928,825,703.2030029296875,624.49462890625,0.1
3,3,1399,679,1464,779,1431,779,1262.8736572265625,413.3677673339844,0.1
3,4,1461,741,1573,861,1517,861,1289.4329833984375,801.0967407226562,0.1
4,1,144,668,232,822,188,822,-78.62152862548828,585.5780639648438,0.13333333333333333
4,2,893,656,964,825,928,825,703.2030029296875,624.49462890625,0.13333333333333333
4,3,1399,679,1464,779,1431,779,1262.8736572265625,413.3677673339844,0.13333333333333333
4,4,1461,741,1573,861,1517,861,1289.4329833984375,801.0967407226562,0.13333333333333333
5,1,144,669,231,822,187,822,-79.6820068359375,585.5442504882812,0.16666666666666666
5,2,893,656,962,825,927,825,702.156005859375,624.4613037109375,0.16666666666666666
5,3,1399,680,1464,780,1431,780,1262.068603515625,418.6835632324219,0.16666666666666666
5,4,1461,741,1573,861,1517,861,1289.4329833984375,801.0967407226562,0.16666666666666666
6,1,144,669,231,822,187,822,-79.6820068359375,585.5442504882812,0.2
6,2,893,656,961,825,927,825,702.156005859375,624.4613037109375,0.2
6,3,1399,679,1464,779,1431,779,1262.8736572265625,413.3677673339844,0.2
6,4,1461,741,1573,861,1517,861,1289.4329833984375,801.0967407226562,0.2
7,1,144,669,232,822,188,822,-78.62152862548828,585.5780639648438,0.23333333333333334
7,2,893,656,962,825,927,825,702.156005859375,624.4613037109375,0.23333333333333334
7,3,1399,680,1464,780,1431,780,1262.068603515625,418.6835632324219,0.23333333333333334
7,4,1461,741,1573,861,1517,861,1289.4329833984375,801.0967407226562,0.23333333333333334
8,1,144,669,231,822,187,822,-79.6820068359375,585.5442504882812,0.26666666666666666
8,2,893,656,962,825,927,825,702.156005859375,624.4613037109375,0.26666666666666666
8,3,1399,680,1464,780,1431,780,1262.068603515625,418.6835632324219,0.26666666666666666
8,4,1461,741,1573,861,1517,861,1289.4329833984375,801.0967407226562,0.26666666666666666
9,1,144,669,231,822,187,822,-79.6820068359375,585.5442504882812,0.3
9,2,894,656,963,825,928,825,703.2030029296875,624.49462890625,0.3
9,3,1399,680,1463,779,1431,779,1262.8736572265625,413.3677673339844,0.3
9,4,1461,741,1573,861,1517,861,1289.4329833984375,801.0967407226562,0.3
10,1,144,669,232,822,188,822,-78.62152862548828,585.5780639648438,0.3333333333333333
10,2,894,655,962,825,928,825,703.2030029296875,624.49462890625,0.3333333333333333
10,3,1399,680,1462,778,1430,778,1262.560302734375,407.99755859375,0.3333333333333333
10,4,1461,741,1573,861,1517,861,1289.4329833984375,801.0967407226562,0.3333333333333333
11,1,144,669,232,822,188,822,-78.62152862548828,585.5780639648438,0.36666666666666664
11,2,894,655,964,825,929,825,704.25,624.5278930664062,0.36666666666666664
11,3,1399,679,1464,779,1431,779,1262.8736572265625,413.3677673339844,0.36666666666666664
11,4,1461,741,1573,861,1517,861,1289.4329833984375,801.0967407226562,0.36666666666666664
12,1,144,669,232,822,188,822,-78.62152862548828,585.5780639648438,0.4
12,2,894,655,965,825,929,825,704.25,624.5278930664062,0.4
12,3,1399,679,1463,779,1431,779,1262.8736572265625,413.3677673339844,0.4
12,4,1461,741,1573,861,1517,861,1289.4329833984375,801.0967407226562,0.4
13,1,144,669,232,822,188,822,-78.62152862548828,585.5780639648438,0.43333333333333335
13,2,894,655,964,825,929,825,704.25,624.5278930664062,0.43333333333333335
13,3,1399,679,1463,779,1431,779,1262.8736572265625,413.3677673339844,0.43333333333333335
13,4,1460,741,1573,861,1516,861,1288.446533203125,801.066162109375,0.43333333333333335
14,1,144,669,232,822,188,822,-78.62152862548828,585.5780639648438,0.4666666666666667
14,2,894,655,964,825,929,825,704.25,624.5278930664062,0.4666666666666667
14,3,1398,679,1463,779,1430,779,1261.7545166015625,413.330810546875,0.4666666666666667
14,4,1460,741,1573,861,1516,861,1288.446533203125,801.066162109375,0.4666666666666667
15,1,144,669,231,821,187,821,-80.98577117919922,580.7911987304688,0.5
15,2,894,655,963,825,928,825,703.2030029296875,624.49462890625,0.5
15,3,1399,679,1463,778,1431,778,1263.6812744140625,408.03460693359375,0.5
15,4,1460,741,1572,861,1516,861,1288.446533203125,801.066162109375,0.5
16,1,144,669,231,821,187,821,-80.98577117919922,580.7911987304688,0.5333333333333333
16,2,894,655,962,825,928,825,703.2030029296875,624.49462890625,0.5333333333333333
16,3,1398,679,1463,778,1430,778,1262.560302734375,407.99755859375,0.5333333333333333
16,4,1460,741,1573,861,1516,861,1288.446533203125,801.066162109375,0.5333333333333333
17,1,144,669,231,821,187,821,-80.98577117919922,580.7911987304688,0.5666666666666667
17,2,894,655,963,825,928,825,703.2030029296875,624.49462890625,0.5666666666666667
17,3,1398,679,1463,778,1430,778,1262.560302734375,407.99755859375,0.5666666666666667
17,4,1460,741,1573,861,1516,861,1288.446533203125,801.066162109375,0.5666666666666667
18,1,144,669,231,821,187,821,-80.98577117919922,580.7911987304688,0.6
18,2,895,655,961,825,928,825,703.2030029296875,624.49462890625,0.6
18,3,1398,679,1463,778,1430,778,1262.560302734375,407.99755859375,0.6
18,4,1460,741,1573,861,1516,861,1288.446533203125,801.066162109375,0.6
19,1,144,669,231,821,187,821,-80.98577117919922,580.7911987304688,0.6333333333333333
19,2,895,655,962,825,928,825,703.2030029296875,624.49462890625,0.6333333333333333
19,3,1398,679,1463,778,1430,778,1262.560302734375,407.99755859375,0.6333333333333333
19,4,1460,741,1573,861,1516,861,1288.446533203125,801.066162109375,0.6333333333333333
20,1,144,670,231,821,187,821,-80.98577117919922,580.7911987304688,0.6666666666666666
20,2,895,656,960,825,927,825,702.156005859375,624.4613037109375,0.6666666666666666
20,3,1398,679,1463,776,1430,776,1264.1798095703125,397.2785949707031,0.6666666666666666
20,4,1460,741,1572,861,1516,861,1288.446533203125,801.066162109375,0.6666666666666666
21,1,145,670,230,822,187,822,-79.6820068359375,585.5442504882812,0.7
21,2,895,657,959,825,927,825,702.156005859375,624.4613037109375,0.7
21,3,1398,679,1463,776,1430,776,1264.1798095703125,397.2785949707031,0.7
21,4,1460,741,1573,861,1516,861,1288.446533203125,801.066162109375,0.7
22,1,145,669,230,821,187,821,-80.98577117919922,580.7911987304688,0.7333333333333333
22,2,895,657,958,825,926,825,701.1090698242188,624.4280395507812,0.7333333333333333
22,3,1398,679,1463,776,1430,776,1264.1798095703125,397.2785949707031,0.7333333333333333
22,4,1460,741,1573,861,1516,861,1288.446533203125,801.066162109375,0.7333333333333333
23,1,145,669,229,821,187,821,-80.98577117919922,580.7911987304688,0.7666666666666667
23,2,895,657,959,824,927,824,702.0548706054688,619.8087768554688,0.7666666666666667
23,3,1398,679,1463,775,1430,775,1264.9935302734375,391.8927307128906,0.7666666666666667
23,4,1460,741,1573,861,1516,861,1288.446533203125,801.066162109375,0.7666666666666667
24,1,145,669,231,821,188,821,-79.92366027832031,580.8250732421875,0.8
24,2,895,657,958,825,926,825,701.1090698242188,624.4280395507812,0.8
24,3,1398,679,1463,776,1430,776,1264.1798095703125,397.2785949707031,0.8
24,4,1460,741,1573,861,1516,861,1288.446533203125,801.066162109375,0.8
25,1,146,669,230,821,188,821,-79.92366027832031,580.8250732421875,0.8333333333333334
25,2,895,659,957,824,926,824,701.0062866210938,619.775390625,0.8333333333333334
25,3,1398,679,1463,776,1430,776,1264.1798095703125,397.2785949707031,0.8333333333333334
25,4,1459,739,1573,862,1516,862,1287.699951171875,805.1969604492188,0.8333333333333334
26,1,146,669,230,821,188,821,-79.92366027832031,580.8250732421875,0.8666666666666667
26,2,895,659,957,825,926,825,701.1090698242188,624.4280395507812,0.8666666666666667
26,3,1398,679,1463,776,1430,776,1264.1798095703125,397.2785949707031,0.8666666666666667
26,4,1459,739,1573,862,1516,862,1287.699951171875,805.1969604492188,0.8666666666666667
27,1,146,668,227,821,186,821,-82.04789733886719,580.7572631835938,0.9
27,2,895,659,956,825,925,825,700.06201171875,624.3947143554688,0.9
27,3,1399,679,1463,776,1431,776,1265.304443359375,397.3158264160156,0.9
27,4,1459,739,1573,862,1516,862,1287.699951171875,805.1969604492188,0.9
28,1,146,668,226,820,186,820,-83.3573226928711,575.989501953125,0.9333333333333333
28,2,895,659,956,825,925,825,700.06201171875,624.3947143554688,0.9333333333333333
28,3,1399,679,1463,775,1431,775,1266.1199951171875,391.9300537109375,0.9333333333333333
28,4,1459,739,1573,862,1516,862,1287.699951171875,805.1969604492188,0.9333333333333333
29,1,146,666,226,820,186,820,-83.3573226928711,575.989501953125,0.9666666666666667
29,2,895,659,957,825,926,825,701.1090698242188,624.4280395507812,0.9666666666666667
29,3,1399,679,1463,776,1431,776,1265.304443359375,397.3158264160156,0.9666666666666667
29,4,1459,739,1573,862,1516,862,1287.699951171875,805.1969604492188,0.9666666666666667
30,1,147,667,229,821,188,821,-79.92366027832031,580.8250732421875,1.0
30,2,895,659,957,825,926,825,701.1090698242188,624.4280395507812,1.0
30,3,1399,679,1463,776,1431,776,1265.304443359375,397.3158264160156,1.0
30,4,1459,739,1573,862,1516,862,1287.699951171875,805.1969604492188,1.0
31,1,146,666,230,821,188,821,-79.92366027832031,580.8250732421875,1.0333333333333334
31,2,895,658,957,825,926,825,701.1090698242188,624.4280395507812,1.0333333333333334
31,3,1399,679,1463,776,1431,776,1265.304443359375,397.3158264160156,1.0333333333333334
31,4,1459,739,1573,862,1516,862,1287.699951171875,805.1969604492188,1.0333333333333334
32,1,147,665,229,820,188,820,-81.22980499267578,576.0574340820312,1.0666666666666667
32,2,895,659,957,825,926,825,701.1090698242188,624.4280395507812,1.0666666666666667
32,3,1399,679,1463,776,1431,776,1265.304443359375,397.3158264160156,1.0666666666666667
32,4,1459,739,1573,862,1516,862,1287.699951171875,805.1969604492188,1.0666666666666667
33,1,147,664,229,820,188,820,-81.22980499267578,576.0574340820312,1.1
33,2,895,658,958,825,926,825,701.1090698242188,624.4280395507812,1.1
33,3,1399,679,1463,776,1431,776,1265.304443359375,397.3158264160156,1.1
33,4,1459,739,1573,862,1516,862,1287.699951171875,805.1969604492188,1.1
34,1,145,663,224,820,184,820,-85.48489379882812,575.9215698242188,1.1333333333333333
34,2,895,659,958,825,926,825,701.1090698242188,624.4280395507812,1.1333333333333333
34,3,1399,679,1463,776,1431,776,1265.304443359375,397.3158264160156,1.1333333333333333
34,4,1459,739,1573,862,1516,862,1287.699951171875,805.1969604492188,1.1333333333333333
35,1,147,663,230,820,188,820,-81.22980499267578,576.0574340820312,1.1666666666666667
35,2,895,658,958,825,926,825,701.1090698242188,624.4280395507812,1.1666666666666667
35,3,1399,679,1463,775,1431,775,1266.1199951171875,391.9300537109375,1.1666666666666667
35,4,1460,741,1573,861,1516,861,1288.446533203125,801.066162109375,1.1666666666666667
36,1,144,663,224,820,184,820,-85.48489379882812,575.9215698242188,1.2
36,2,895,658,959,825,927,825,702.156005859375,624.4613037109375,1.2
36,3,1399,679,1463,775,1431,775,1266.1199951171875,391.9300537109375,1.2
36,4,1460,741,1573,861,1516,861,1288.446533203125,801.066162109375,1.2
37,1,147,665,233,822,190,822,-76.5006103515625,585.6456298828125,1.2333333333333334
37,2,895,657,958,825,926,825,701.1090698242188,624.4280395507812,1.2333333333333334
37,3,1399,679,1463,775,1431,775,1266.1199951171875,391.9300537109375,1.2333333333333334
37,4,1460,741,1573,861,1516,861,1288.446533203125,801.066162109375,1.2333333333333334
38,1,147,665,232,822,189,822,-77.56106567382812,585.61181640625,1.2666666666666666
38,2,895,657,959,825,927,825,702.156005859375,624.4613037109375,1.2666666666666666
38,3,1399,679,1463,775,1431,775,1266.1199951171875,391.9300537109375,1.2666666666666666
38,4,1459,739,1573,862,1516,862,1287.699951171875,805.1969604492188,1.2666666666666666
39,1,144,666,222,821,183,821,-85.23434448242188,580.6556396484375,1.3
39,2,895,657,960,825,927,825,702.156005859375,624.4613037109375,1.3
39,3,1399,679,1463,775,1431,775,1266.1199951171875,391.9300537109375,1.3
39,4,1459,739,1573,862,1516,862,1287.699951171875,805.1969604492188,1.3
40,1,146,664,230,821,188,821,-79.92366027832031,580.8250732421875,1.3333333333333333
40,2,895,657,959,825,927,825,702.156005859375,624.4613037109375,1.3333333333333333
40,3,1399,679,1463,774,1431,774,1266.938232421875,386.52655029296875,1.3333333333333333
40,4,1459,739,1573,862,1516,862,1287.699951171875,805.1969604492188,1.3333333333333333
41,1,144,665,223,820,183,820,-86.54869842529297,575.8876342773438,1.3666666666666667
41,2,895,658,958,825,926,825,701.1090698242188,624.4280395507812,1.3666666666666667
41,3,1399,679,1463,774,1431,774,1266.938232421875,386.52655029296875,1.3666666666666667
41,4,1459,740,1573,861,1516,861,1288.446533203125,801.066162109375,1.3666666666666667
42,1,146,664,232,821,189,821,-78.86155700683594,580.8589477539062,1.4
42,2,894,658,957,825,925,825,700.06201171875,624.3947143554688,1.4
42,3,1399,679,1463,774,1431,774,1266.938232421875,386.52655029296875,1.4
42,4,1459,740,1573,862,1516,862,1287.699951171875,805.1969604492188,1.4
43,1,146,663,235,821,190,821,-77.79946899414062,580.892822265625,1.4333333333333333
43,2,894,658,957,825,925,825,700.06201171875,624.3947143554688,1.4333333333333333
43,3,1399,680,1463,774,1431,774,1266.938232421875,386.52655029296875,1.4333333333333333
43,4,1459,739,1573,861,1516,861,1288.446533203125,801.066162109375,1.4333333333333333
44,1,145,665,223,820,184,820,-85.48489379882812,575.9215698242188,1.4666666666666666
44,2,894,658,958,825,926,825,701.1090698242188,624.4280395507812,1.4666666666666666
44,3,1399,679,1463,774,1431,774,1266.938232421875,386.52655029296875,1.4666666666666666
44,4,1459,740,1573,861,1516,861,1288.446533203125,801.066162109375,1.4666666666666666
45,1,145,665,226,819,185,819,-85.73621368408203,571.1730346679688,1.5
45,2,895,659,963,825,929,825,704.25,624.5278930664062,1.5
45,3,1399,679,1463,774,1431,774,1266.938232421875,386.52655029296875,1.5
45,4,1459,740,1573,861,1516,861,1288.446533203125,801.066162109375,1.5
46,1,145,666,222,818,183,818,-89.18958282470703,566.3074340820312,1.5333333333333334
46,2,895,659,960,825,927,825,702.156005859375,624.4613037109375,1.5333333333333334
46,3,1399,679,1463,774,1431,774,1266.938232421875,386.52655029296875,1.5333333333333334
46,4,1459,740,1573,861,1516,861,1288.446533203125,801.066162109375,1.5333333333333334
47,1,148,665,230,819,189,819,-81.47457885742188,571.3092041015625,1.5666666666666667
47,2,895,659,960,825,927,825,702.156005859375,624.4613037109375,1.5666666666666667
47,3,1399,679,1463,774,1431,774,1266.938232421875,386.52655029296875,1.5666666666666667
47,4,1459,740,1573,861,1516,861,1288.446533203125,801.066162109375,1.5666666666666667
48,1,148,666,237,819,192,819,-78.27848052978516,571.4113159179688,1.6
48,2,894,657,960,825,927,825,702.156005859375,624.4613037109375,1.6
48,3,1399,679,1463,774,1431,774,1266.938232421875,386.52655029296875,1.6
48,4,1459,740,1572,861,1515,861,1287.4599609375,801.03564453125,1.6
49,1,148,666,232,819,190,819,-80.4092025756836,571.34326171875,1.6333333333333333
49,2,894,658,959,825,926,825,701.1090698242188,624.4280395507812,1.6333333333333333
49,3,1399,679,1463,774,1431,774,1266.938232421875,386.52655029296875,1.6333333333333333
49,4,1460,740,1572,861,1516,861,1288.446533203125,801.066162109375,1.6333333333333333
50,1,150,665,233,819,191,819,-79.34383392333984,571.3773193359375,1.6666666666666667
50,2,894,657,960,825,927,825,702.156005859375,624.4613037109375,1.6666666666666667
50,3,1399,679,1463,775,1431,775,1266.1199951171875,391.9300537109375,1.6666666666666667
50,4,1460,739,1573,861,1516,861,1288.446533203125,801.066162109375,1.6666666666666667
51,1,150,666,233,820,191,820,-78.03860473632812,576.1593627929688,1.7
51,2,894,657,960,825,927,825,702.156005859375,624.4613037109375,1.7
51,3,1399,679,1463,775,1431,775,1266.1199951171875,391.9300537109375,1.7
51,4,1460,739,1573,861,1516,861,1288.446533203125,801.066162109375,1.7
52,1,153,652,232,820,192,820,-76.97489929199219,576.1932983398438,1.7333333333333334
52,2,894,658,963,825,928,825,703.2030029296875,624.49462890625,1.7333333333333334
52,3,1398,680,1463,776,1430,776,1264.1798095703125,397.2785949707031,1.7333333333333334
52,4,1460,739,1573,861,1516,861,1288.446533203125,801.066162109375,1.7333333333333334
53,1,153,657,231,818,192,818,-79.5860824584961,566.6145629882812,1.7666666666666666
53,2,894,657,960,825,927,825,702.156005859375,624.4613037109375,1.7666666666666666
53,3,1399,679,1464,775,1431,775,1266.1199951171875,391.9300537109375,1.7666666666666666
53,4,1460,739,1572,861,1516,861,1288.446533203125,801.066162109375,1.7666666666666666
54,1,152,649,229,818,190,818,-81.72010803222656,566.5463256835938,1.8
54,2,894,657,958,825,926,825,701.1090698242188,624.4280395507812,1.8
54,3,1399,679,1464,775,1431,775,1266.1199951171875,391.9300537109375,1.8
54,4,1460,739,1573,861,1516,861,1288.446533203125,801.066162109375,1.8
55,1,153,664,233,819,193,819,-77.213134765625,571.4453735351562,1.8333333333333333
55,2,895,659,961,825,928,825,703.2030029296875,624.49462890625,1.8333333333333333
55,3,1400,680,1467,780,1433,780,1264.3031005859375,418.7572937011719,1.8333333333333333
55,4,1466,742,1567,860,1516,860,1289.1951904296875,796.9234619140625,1.8333333333333333
56,1,158,664,224,813,191,813,-87.26050567626953,542.372314453125,1.8666666666666667
56,2,895,658,962,825,928,825,703.2030029296875,624.49462890625,1.8666666666666667
56,3,1400,680,1467,781,1433,781,1263.4971923828125,424.05560302734375,1.8666666666666667
56,4,1467,741,1567,860,1517,860,1290.18310546875,796.9541015625,1.8666666666666667
57,1,161,665,231,816,196,816,-77.9322509765625,557.1136474609375,1.9
57,2,895,659,963,825,929,825,704.25,624.5278930664062,1.9
57,3,1400,680,1467,781,1433,781,1263.4971923828125,424.05560302734375,1.9
57,4,1467,741,1568,860,1517,860,1290.18310546875,796.9541015625,1.9
58,1,162,669,223,812,192,812,-87.5173110961914,537.52001953125,1.9333333333333333
58,2,895,659,962,825,928,825,703.2030029296875,624.49462890625,1.9333333333333333
58,3,1400,680,1467,781,1433,781,1263.4971923828125,424.05560302734375,1.9333333333333333
58,4,1465,737,1553,860,1509,860,1282.279541015625,796.7091064453125,1.9333333333333333
59,1,162,668,226,808,194,808,-90.72013092041016,517.8893432617188,1.9666666666666666
59,2,895,659,962,825,928,825,703.2030029296875,624.49462890625,1.9666666666666666
59,3,1400,679,1466,778,1433,778,1265.9229736328125,408.10870361328125,1.9666666666666666
59,4,1467,739,1565,860,1516,860,1289.1951904296875,796.9234619140625,1.9666666666666666
60,1,162,670,234,815,198,815,-77.10151672363281,552.3411865234375,2.0
60,2,895,659,961,824,928,824,703.1034545898438,619.8421020507812,2.0
60,3,1400,678,1465,777,1432,777,1265.6142578125,402.72113037109375,2.0
60,4,1466,738,1563,860,1514,860,1287.2193603515625,796.8622436523438,2.0
61,1,162,671,243,823,202,823,-62.50081253051758,590.7886352539062,2.033333333333333
61,2,895,659,962,824,928,824,703.1034545898438,619.8421020507812,2.033333333333333
61,3,1400,676,1464,776,1432,776,1266.428955078125,397.3530578613281,2.033333333333333
61,4,1467,737,1562,859,1514,859,1287.9674072265625,792.7074584960938,2.033333333333333
62,1,163,669,238,821,200,821,-67.1792221069336,581.231689453125,2.066666666666667
62,2,895,659,963,824,929,824,704.1520385742188,619.87548828125,2.066666666666667
62,3,1401,677,1464,776,1432,776,1266.428955078125,397.3530578613281,2.066666666666667
62,4,1467,738,1563,859,1515,859,1288.956787109375,792.7380981445312,2.066666666666667
63,1,163,669,244,822,203,822,-62.71580505371094,586.0851440429688,2.1
63,2,895,659,965,824,930,824,705.2006225585938,619.9088745117188,2.1
63,3,1401,677,1463,777,1432,777,1265.6142578125,402.72113037109375,2.1
63,4,1461,734,1572,859,1516,859,1289.946044921875,792.768798828125,2.1
64,1,162,652,238,821,200,821,-67.1792221069336,581.231689453125,2.1333333333333333
64,2,895,658,966,825,930,825,705.2969360351562,624.5612182617188,2.1333333333333333
64,3,1400,675,1463,779,1431,779,1262.8736572265625,413.3677673339844,2.1333333333333333
64,4,1461,732,1573,859,1517,859,1290.9354248046875,792.7994995117188,2.1333333333333333
65,1,161,636,262,813,211,813,-65.75586700439453,543.0628051757812,2.1666666666666665
65,2,895,658,963,824,929,824,704.1520385742188,619.87548828125,2.1666666666666665
65,3,1400,672,1463,780,1431,780,1262.068603515625,418.6835632324219,2.1666666666666665
65,4,1466,735,1567,859,1516,859,1289.946044921875,792.768798828125,2.1666666666666665
66,1,163,635,235,808,199,808,-85.30134582519531,518.0640258789062,2.2
66,2,895,658,962,824,928,824,703.1034545898438,619.8421020507812,2.2
66,3,1400,672,1462,779,1431,779,1262.8736572265625,413.3677673339844,2.2
66,4,1466,736,1558,859,1512,859,1285.9886474609375,792.6460571289062,2.2
67,1,166,640,226,806,196,806,-91.24942779541016,508.0166015625,2.2333333333333334
67,2,895,659,961,824,928,824,703.1034545898438,619.8421020507812,2.2333333333333334
67,3,1400,670,1462,777,1431,777,1264.491455078125,402.6839904785156,2.2333333333333334
67,4,1469,736,1559,859,1514,859,1287.9674072265625,792.7074584960938,2.2333333333333334
68,1,164,639,254,821,209,821,-57.62201690673828,581.53662109375,2.2666666666666666
68,2,895,658,962,824,928,824,703.1034545898438,619.8421020507812,2.2666666666666666
68,3,1399,669,1461,774,1430,774,1265.8099365234375,386.4891357421875,2.2666666666666666
68,4,1466,733,1555,856,1510,856,1286.249755859375,780.0473022460938,2.2666666666666666
69,1,163,632,265,823,214,823,-49.797584533691406,591.193359375,2.3
69,2,895,658,963,825,929,825,704.25,624.5278930664062,2.3
69,3,1399,668,1462,777,1430,777,1263.3687744140625,402.6468505859375,2.3
69,4,1478,737,1552,857,1515,857,1290.462158203125,784.3926391601562,2.3
70,1,165,636,277,814,221,814,-53.72600173950195,548.2772216796875,2.3333333333333335
70,2,895,658,963,824,929,824,704.1520385742188,619.87548828125,2.3333333333333335
70,3,1399,668,1461,776,1430,776,1264.1798095703125,397.2785949707031,2.3333333333333335
70,4,1480,738,1551,857,1515,857,1290.462158203125,784.3926391601562,2.3333333333333335
71,1,178,635,264,801,221,801,-70.67414855957031,483.7721862792969,2.3666666666666667
71,2,895,659,962,824,928,824,703.1034545898438,619.8421020507812,2.3666666666666667
71,3,1399,668,1460,775,1429,775,1263.8670654296875,391.85540771484375,2.3666666666666667
71,4,1457,735,1571,860,1514,860,1287.2193603515625,796.8622436523438,2.3666666666666667
72,1,187,633,261,803,224,803,-64.74530792236328,493.974609375,2.4
72,2,895,658,962,825,928,825,703.2030029296875,624.49462890625,2.4
72,3,1399,667,1461,775,1430,775,1264.9935302734375,391.8927307128906,2.4
72,4,1453,734,1571,861,1512,861,1284.5003662109375,800.9439697265625,2.4
73,1,194,636,261,808,227,808,-54.961856842041016,519.0420532226562,2.433333333333333
73,2,894,659,961,825,927,825,702.156005859375,624.4613037109375,2.433333333333333
73,3,1399,667,1461,774,1430,774,1265.8099365234375,386.4891357421875,2.433333333333333
73,4,1452,733,1571,860,1511,860,1284.2554931640625,796.7703857421875,2.433333333333333
74,1,199,636,258,809,228,809,-52.59092330932617,524.0222778320312,2.466666666666667
74,2,894,659,961,825,927,825,702.156005859375,624.4613037109375,2.466666666666667
74,3,1399,666,1463,779,1431,779,1262.8736572265625,413.3677673339844,2.466666666666667
74,4,1448,732,1571,860,1509,860,1282.279541015625,796.7091064453125,2.466666666666667
75,1,202,645,260,800,231,800,-61.03467559814453,479.0559387207031,2.5
75,2,894,659,961,825,927,825,702.156005859375,624.4613037109375,2.5
75,3,1399,666,1462,780,1430,780,1260.9512939453125,418.6466979980469,2.5
75,4,1447,730,1570,859,1508,859,1282.031005859375,792.5233154296875,2.5
76,1,198,634,272,810,235,810,-43.747920989990234,529.1953735351562,2.533333333333333
76,2,895,659,961,825,928,825,703.2030029296875,624.49462890625,2.533333333333333
76,3,1399,667,1462,784,1430,784,1257.7646484375,439.73822021484375,2.533333333333333
76,4,1449,730,1570,859,1509,859,1283.0203857421875,792.5540161132812,2.533333333333333
77,1,208,643,272,817,240,817,-29.615903854370117,563.4443359375,2.566666666666667
77,2,895,659,961,825,928,825,703.2030029296875,624.49462890625,2.566666666666667
77,3,1399,667,1461,780,1430,780,1260.9512939453125,418.6466979980469,2.566666666666667
77,4,1450,729,1570,859,1510,859,1284.0098876953125,792.584716796875,2.566666666666667
78,1,205,638,297,827,251,827,-5.8948469161987305,611.2305908203125,2.6
78,2,894,660,960,825,927,825,702.156005859375,624.4613037109375,2.6
78,3,1399,667,1459,781,1429,781,1259.0352783203125,423.9085388183594,2.6
78,4,1449,729,1571,860,1510,860,1283.2674560546875,796.73974609375,2.6
79,1,217,653,289,820,253,820,-12.111180305480957,578.2645263671875,2.6333333333333333
79,2,894,659,959,825,926,825,701.1090698242188,624.4280395507812,2.6333333333333333
79,3,1399,667,1459,780,1429,780,1259.833984375,418.6098327636719,2.6333333333333333
79,4,1449,730,1570,860,1509,860,1282.279541015625,796.7091064453125,2.6333333333333333
80,1,221,658,293,821,257,821,-6.6664605140686035,583.1624755859375,2.6666666666666665
80,2,894,660,958,824,926,824,701.0062866210938,619.775390625,2.6666666666666665
80,3,1399,668,1458,778,1428,778,1260.318359375,407.9234619140625,2.6666666666666665
80,4,1450,730,1570,859,1510,859,1284.0098876953125,792.584716796875,2.6666666666666665
81,1,224,661,291,818,257,818,-10.256227493286133,568.8318481445312,2.7
81,2,895,660,959,824,927,824,702.0548706054688,619.8087768554688,2.7
81,3,1399,668,1458,781,1428,781,1257.9197998046875,423.87176513671875,2.7
81,4,1448,731,1570,859,1509,859,1283.0203857421875,792.5540161132812,2.7
82,1,226,665,284,821,255,821,-8.789063453674316,583.0947265625,2.7333333333333334
82,2,894,660,959,824,926,824,701.0062866210938,619.775390625,2.7333333333333334
82,3,1400,669,1458,779,1429,779,1260.6353759765625,413.2938537597656,2.7333333333333334
82,4,1449,729,1571,860,1510,860,1283.2674560546875,796.73974609375,2.7333333333333334
83,1,230,668,295,823,262,823,0.998367965221405,592.8115234375,2.7666666666666666
83,2,894,661,958,824,926,824,701.0062866210938,619.775390625,2.7666666666666666
83,3,1400,668,1457,775,1428,775,1262.74072265625,391.8180847167969,2.7666666666666666
83,4,1450,728,1571,861,1510,861,1282.5272216796875,800.8828125,2.7666666666666666
84,1,230,669,282,817,256,817,-12.528100967407227,563.9912719726562,2.8
84,2,894,660,958,824,926,824,701.0062866210938,619.775390625,2.8
84,3,1400,669,1456,777,1428,777,1261.1231689453125,402.57257080078125,2.8
84,4,1451,729,1570,861,1510,861,1282.5272216796875,800.8828125,2.8
85,1,235,665,286,814,260,814,-11.87604808807373,549.619873046875,2.8333333333333335
85,2,893,658,960,824,926,824,701.0062866210938,619.775390625,2.8333333333333335
85,3,1399,668,1455,780,1427,780,1257.599365234375,418.5361328125,2.8333333333333335
85,4,1454,731,1567,859,1510,859,1284.0098876953125,792.584716796875,2.8333333333333335
86,1,238,664,282,812,260,812,-14.30778980255127,539.8724975585938,2.8666666666666667
86,2,894,658,957,823,925,823,699.8530883789062,615.0750732421875,2.8666666666666667
86,3,1398,669,1454,779,1426,779,1257.2779541015625,413.1830139160156,2.8666666666666667
86,4,1454,729,1569,862,1511,862,1282.7742919921875,805.0445556640625,2.8666666666666667
87,1,240,661,284,812,262,812,-12.155421257019043,539.941650390625,2.9
87,2,894,660,955,824,924,824,698.9091186523438,619.7086181640625,2.9
87,3,1396,670,1454,778,1425,778,1256.9554443359375,407.8123474121094,2.9
87,4,1454,727,1568,860,1511,860,1284.2554931640625,796.7703857421875,2.9
88,1,240,659,285,811,262,811,-13.373611450195312,535.0452880859375,2.933333333333333
88,2,894,660,956,826,925,826,700.166015625,629.0332641601562,2.933333333333333
88,3,1395,669,1454,780,1424,780,1254.247314453125,418.425537109375,2.933333333333333
88,4,1452,724,1568,863,1510,863,1281.05322265625,809.1334228515625,2.933333333333333
89,1,234,656,287,810,260,810,-16.75473403930664,530.0641479492188,2.966666666666667
89,2,894,657,956,823,925,823,699.8530883789062,615.0750732421875,2.966666666666667
89,3,1393,669,1456,782,1424,782,1252.6705322265625,429.0066223144531,2.966666666666667
89,4,1453,725,1567,863,1510,863,1281.05322265625,809.1334228515625,2.966666666666667
90,1,229,656,288,806,258,806,-23.867612838745117,510.19219970703125,3.0
90,2,894,658,954,824,924,824,698.9091186523438,619.7086181640625,3.0
90,3,1394,669,1455,782,1424,782,1252.6705322265625,429.0066223144531,3.0
90,4,1454,726,1560,863,1507,863,1278.1019287109375,809.0421142578125,3.0
91,1,227,655,292,806,259,806,-22.781200408935547,510.2272644042969,3.033333333333333
91,2,894,660,955,823,924,823,698.8028564453125,615.0416259765625,3.033333333333333
91,3,1392,668,1456,783,1424,783,1251.885986328125,434.2714538574219,3.033333333333333
91,4,1450,725,1545,860,1497,860,1270.4228515625,796.3416137695312,3.033333333333333
92,1,227,658,299,819,263,819,-2.6687166690826416,573.8275756835938,3.066666666666667
92,2,894,657,955,823,924,823,698.8028564453125,615.0416259765625,3.066666666666667
92,3,1382,669,1457,778,1419,778,1250.229248046875,407.5900573730469,3.066666666666667
92,4,1445,727,1540,860,1492,860,1265.4820556640625,796.1884765625,3.066666666666667
93,1,230,659,299,822,264,822,1.9400819540023804,588.146484375,3.1
93,2,894,657,955,823,924,823,698.8028564453125,615.0416259765625,3.1
93,3,1381,670,1456,772,1418,772,1253.865966796875,375.17718505859375,3.1
93,4,1440,726,1541,859,1490,859,1264.2197265625,791.9708862304688,3.1
94,1,234,665,298,820,266,820,1.7065194845199585,578.7057495117188,3.1333333333333333
94,2,894,656,957,823,925,823,699.8530883789062,615.0750732421875,3.1333333333333333
94,3,1377,671,1459,776,1418,776,1250.6837158203125,396.8318176269531,3.1333333333333333
94,4,1445,727,1541,859,1493,859,1267.1884765625,792.06298828125,3.1333333333333333
95,1,237,666,304,820,270,820,5.9577155113220215,578.8414916992188,3.1666666666666665
95,2,894,659,955,824,924,824,698.9091186523438,619.7086181640625,3.1666666666666665
95,3,1377,673,1465,772,1421,772,1257.262451171875,375.2900085449219,3.1666666666666665
95,4,1448,738,1539,861,1493,861,1265.754150390625,800.3633422851562,3.1666666666666665
96,1,237,666,304,818,270,818,3.603682518005371,569.2750854492188,3.2
96,2,894,660,955,823,924,823,698.8028564453125,615.0416259765625,3.2
96,3,1379,675,1454,771,1416,771,1252.4000244140625,369.64337158203125,3.2
96,4,1423,711,1535,861,1479,861,1251.938720703125,799.9354858398438,3.2
97,1,241,664,305,816,273,816,4.443167686462402,559.7522583007812,3.2333333333333334
97,2,894,659,956,823,925,823,699.8530883789062,615.0750732421875,3.2333333333333334
97,3,1378,677,1452,770,1415,770,1252.065185546875,364.12890625,3.2333333333333334
97,4,1426,709,1530,859,1478,859,1252.3436279296875,791.6025390625,3.2333333333333334
98,1,247,663,307,819,277,819,12.233159065246582,574.3037719726562,3.2666666666666666
98,2,894,660,954,823,924,823,698.8028564453125,615.0416259765625,3.2666666666666666
98,3,1376,677,1450,774,1413,774,1246.627197265625,385.8529968261719,3.2666666666666666
98,4,1421,708,1526,859,1473,859,1247.394775390625,791.4490356445312,3.2666666666666666
99,1,249,668,310,818,279,818,13.197821617126465,569.5819091796875,3.3
99,2,894,657,954,823,924,823,698.8028564453125,615.0416259765625,3.3
99,3,1376,677,1450,774,1413,774,1246.627197265625,385.8529968261719,3.3
99,4,1411,702,1522,859,1466,859,1240.466064453125,791.234130859375,3.3
100,1,256,671,317,822,286,822,25.247819900512695,588.8895874023438,3.3333333333333335
100,2,894,657,952,823,923,823,697.7526245117188,615.0081787109375,3.3333333333333335
100,3,1376,677,1450,774,1413,774,1246.627197265625,385.8529968261719,3.3333333333333335
100,4,1380,681,1516,860,1448,860,1221.99267578125,794.840576171875,3.3333333333333335
101,1,258,672,320,826,289,826,32.938846588134766,607.826416015625,3.3666666666666667
101,2,894,657,951,823,922,823,696.702392578125,614.9747314453125,3.3666666666666667
101,3,1380,680,1461,789,1420,789,1242.826171875,465.36126708984375,3.3666666666666667
101,4,1378,684,1514,863,1446,863,1218.072509765625,807.185546875,3.3666666666666667
102,1,260,671,322,822,291,822,30.544235229492188,589.0584716796875,3.4
102,2,894,656,951,822,922,822,696.5925903320312,610.2932739257812,3.4
102,3,1380,680,1461,789,1420,789,1242.826171875,465.36126708984375,3.4
102,4,1381,682,1493,861,1437,861,1210.48046875,798.6514282226562,3.4
103,1,263,676,322,821,292,821,30.471431732177734,584.347412109375,3.433333333333333
103,2,894,658,952,822,923,822,697.6444702148438,610.3268432617188,3.433333333333333
103,3,1414,710,1475,856,1444,856,1220.643310546875,778.0081176757812,3.433333333333333
103,4,1392,684,1481,859,1436,859,1210.7655029296875,790.3129272460938,3.433333333333333
104,1,265,677,327,822,296,822,35.84035873413086,589.227294921875,3.466666666666667
104,2,894,657,953,823,923,823,697.7526245117188,615.0081787109375,3.466666666666667
104,3,1402,725,1476,856,1439,856,1215.6712646484375,777.853515625,3.466666666666667
104,4,1390,684,1475,856,1432,856,1208.7100830078125,777.6371459960938,3.466666666666667
105,1,271,677,341,822,306,822,46.43171310424805,589.56494140625,3.5
105,2,895,659,951,823,923,823,697.7526245117188,615.0081787109375,3.5
105,3,1402,725,1476,856,1439,856,1215.6712646484375,777.853515625,3.5
105,4,1376,681,1472,856,1424,856,1200.753662109375,777.3898315429688,3.5
106,1,277,678,366,820,321,820,60.14381408691406,580.5717163085938,3.533333333333333
106,2,895,658,952,824,923,824,697.8604736328125,619.6752319335938,3.533333333333333
106,3,1402,725,1476,856,1439,856,1215.6712646484375,777.853515625,3.533333333333333
106,4,1381,684,1465,853,1423,853,1201.6419677734375,764.694580078125,3.533333333333333
107,1,279,675,353,822,316,822,57.02189254760742,589.902587890625,3.566666666666667
107,2,895,659,952,823,923,823,697.7526245117188,615.0081787109375,3.566666666666667
107,3,1402,725,1476,856,1439,856,1215.6712646484375,777.853515625,3.566666666666667
107,4,1378,682,1460,849,1419,849,1200.1590576171875,747.5101928710938,3.566666666666667
108,1,281,673,351,821,316,821,55.92903518676758,585.15966796875,3.6
108,2,896,658,953,823,924,823,698.8028564453125,615.0416259765625,3.6
108,3,1346,689,1459,850,1402,850,1182.4696044921875,751.2613525390625,3.6
108,4,1379,683,1456,851,1417,851,1196.8951416015625,756.0025634765625,3.6
109,1,283,673,354,821,318,821,58.050193786621094,585.2273559570312,3.6333333333333333
109,2,896,656,953,823,924,823,698.8028564453125,615.0416259765625,3.6333333333333333
109,3,1340,690,1441,848,1390,848,1171.6051025390625,742.3014526367188,3.6333333333333333
109,4,1393,674,1451,787,1422,787,1246.563232421875,455.0887451171875,3.6333333333333333
110,1,285,672,351,819,318,819,55.860939025878906,575.6979370117188,3.6666666666666665
110,2,897,655,951,822,924,822,698.6962890625,610.3603515625,3.6666666666666665
110,3,1346,689,1427,846,1386,846,1168.75244140625,733.5405883789062,3.6666666666666665
110,4,1393,673,1449,777,1421,777,1253.2633056640625,402.3125915527344,3.6666666666666665
111,1,288,672,360,822,324,822,65.4931869506836,590.1726684570312,3.7
111,2,897,654,951,822,924,822,698.6962890625,610.3603515625,3.7
111,3,1336,686,1418,845,1377,845,1160.2418212890625,728.9188842773438,3.7
111,4,1385,671,1447,777,1416,777,1247.6488037109375,402.12689208984375,3.7
112,1,286,671,354,823,320,823,62.340633392333984,594.7657470703125,3.7333333333333334
112,2,897,654,950,822,923,822,697.6444702148438,610.3268432617188,3.7333333333333334
112,3,1333,682,1410,843,1371,843,1155.3140869140625,720.0150756835938,3.7333333333333334
112,4,1381,670,1448,777,1414,777,1245.40283203125,402.0526123046875,3.7333333333333334
113,1,287,672,363,827,325,827,71.89364624023438,613.7010498046875,3.7666666666666666
113,2,897,653,952,822,924,822,698.6962890625,610.3603515625,3.7666666666666666
113,3,1323,683,1407,840,1365,840,1150.9234619140625,706.6553344726562,3.7666666666666666
113,4,1388,667,1452,781,1420,781,1248.995361328125,423.57757568359375,3.7666666666666666
114,1,286,674,355,826,320,826,65.56982421875,608.863525390625,3.8
114,2,898,656,953,821,925,821,699.642822265625,605.6983642578125,3.8
114,3,1315,680,1403,838,1359,838,1145.9306640625,697.6177368164062,3.8
114,4,1404,661,1449,776,1426,776,1259.6812744140625,397.12969970703125,3.8
115,1,290,677,359,828,324,828,71.90306091308594,618.3238525390625,3.8333333333333335
115,2,899,656,954,822,926,822,700.7999267578125,610.4274291992188,3.8333333333333335
115,3,1311,681,1390,835,1350,835,1138.3848876953125,683.9588623046875,3.8333333333333335
115,4,1394,656,1452,781,1423,781,1252.342041015625,423.6878967285156,3.8333333333333335
116,1,293,679,356,828,324,828,71.90306091308594,618.3238525390625,3.8666666666666667
116,2,899,655,954,821,926,821,700.6962280273438,605.7319946289062,3.8666666666666667
116,3,1305,683,1386,836,1345,836,1132.7073974609375,688.2669067382812,3.8666666666666667
116,4,1393,655,1451,779,1422,779,1252.80126953125,413.0351867675781,3.8666666666666667
117,1,310,682,363,829,336,829,85.53012084960938,623.364501953125,3.9
117,2,899,658,957,821,928,821,702.8030395507812,605.7991943359375,3.9
117,3,1300,684,1373,833,1336,833,1125.0782470703125,674.5234375,3.9
117,4,1393,650,1453,779,1423,779,1253.92041015625,413.0721435546875,3.9
118,1,318,682,365,827,341,827,88.70441436767578,614.2349853515625,3.933333333333333
118,2,898,660,955,820,926,820,700.5922241210938,601.0221557617188,3.933333333333333
118,3,1297,684,1358,829,1327,829,1117.90576171875,656.101806640625,3.933333333333333
118,4,1393,649,1452,776,1422,776,1255.1826171875,396.9807434082031,3.933333333333333
119,1,321,680,370,823,345,823,88.7690658569336,595.607666015625,3.966666666666667
119,2,898,661,954,818,926,818,700.38330078125,591.5590209960938,3.966666666666667
119,3,1289,682,1344,830,1316,830,1105.998779296875,660.2938232421875,3.966666666666667
119,4,1399,647,1451,777,1425,777,1257.7547607421875,402.4611511230469,3.966666666666667
120,1,321,677,377,827,349,827,97.10868835449219,614.5018920898438,4.0
120,2,897,660,955,818,926,818,700.38330078125,591.5590209960938,4.0
120,3,1280,683,1337,828,1308,828,1098.7161865234375,650.90966796875,4.0
120,4,1400,644,1454,778,1427,778,1259.1973876953125,407.8864440917969,4.0
121,1,323,676,381,829,352,829,102.28766632080078,623.8958740234375,4.033333333333333
121,2,897,663,956,818,926,818,700.38330078125,591.5590209960938,4.033333333333333
121,3,1269,684,1332,827,1300,827,1090.9000244140625,646.0639038085938,4.033333333333333
121,4,1400,641,1458,776,1429,776,1263.05517578125,397.2413635253906,4.033333333333333
122,1,328,675,391,838,359,838,118.49293518066406,665.2578125,4.066666666666666
122,2,897,658,957,817,927,817,701.3381958007812,586.8395385742188,4.066666666666666
122,3,1260,683,1326,825,1293,825,1084.5799560546875,636.62548828125,4.066666666666666
122,4,1399,641,1458,774,1428,774,1263.5533447265625,386.414306640625,4.066666666666666
123,1,329,677,399,842,364,842,127.49512481689453,683.3452758789062,4.1
123,2,897,657,972,820,934,820,709.0320434570312,601.2916870117188,4.1
123,3,1252,681,1319,817,1285,817,1080.0213623046875,598.9598388671875,4.1
123,4,1397,641,1461,774,1429,774,1264.6817626953125,386.45172119140625,4.1
124,1,331,677,392,836,361,836,118.61373138427734,656.2793579101562,4.133333333333334
124,2,902,657,957,816,929,816,703.3576049804688,582.1395263671875,4.133333333333334
124,3,1246,678,1315,817,1280,817,1074.742919921875,598.7908935546875,4.133333333333334
124,4,1395,642,1456,774,1425,774,1260.16845703125,386.30206298828125,4.133333333333334
125,1,335,680,396,835,365,835,121.7873306274414,651.8681640625,4.166666666666667
125,2,905,655,957,813,931,813,705.1875,567.8157958984375,4.166666666666667
125,3,1245,679,1313,816,1279,816,1074.156982421875,594.016845703125,4.166666666666667
125,4,1390,645,1466,776,1428,776,1261.9305419921875,397.2041320800781,4.166666666666667
126,1,341,683,394,835,367,835,123.86256408691406,651.9337158203125,4.2
126,2,908,654,955,814,931,814,705.2854614257812,572.6279296875,4.2
126,3,1241,677,1310,817,1275,817,1069.464111328125,598.6219482421875,4.2
126,4,1389,646,1475,783,1432,783,1260.7811279296875,434.56414794921875,4.2
127,1,343,682,404,839,373,839,133.90379333496094,670.2139282226562,4.233333333333333
127,2,911,654,956,818,933,818,707.7908935546875,591.7959594726562,4.233333333333333
127,3,1245,676,1306,816,1275,816,1069.927490234375,593.88134765625,4.233333333333333
127,4,1389,647,1474,784,1431,784,1258.8746337890625,439.77471923828125,4.233333333333333
128,1,351,685,408,843,379,843,143.8250732421875,688.2757568359375,4.266666666666667
128,2,910,652,974,813,942,813,716.9173583984375,568.1924438476562,4.266666666666667
128,3,1247,677,1305,815,1276,815,1071.451171875,589.1600952148438,4.266666666666667
128,4,1382,648,1473,785,1427,785,1253.6494140625,444.85931396484375,4.266666666666667
129,1,354,688,411,843,382,843,146.90032958984375,688.3722534179688,4.3
129,2,910,653,962,808,936,808,710.06640625,543.703125,4.3
129,3,1244,675,1301,812,1272,812,1068.6031494140625,574.6695556640625,4.3
129,4,1379,649,1466,781,1422,781,1251.2265625,423.651123046875,4.3
130,1,364,684,424,843,394,843,159.20034790039062,688.7581787109375,4.333333333333333
130,2,909,655,962,806,935,806,708.80517578125,533.8482055664062,4.333333333333333
130,3,1244,672,1300,813,1272,813,1068.1390380859375,579.46923828125,4.333333333333333
130,4,1383,650,1463,783,1423,783,1250.7740478515625,434.23486328125,4.333333333333333
131,1,372,684,424,844,398,844,164.19749450683594,693.319091796875,4.366666666666666
131,2,910,653,969,803,939,803,712.855712890625,519.1421508789062,4.366666666666666
131,3,1244,672,1299,812,1271,812,1067.5391845703125,574.6353149414062,4.366666666666666
131,4,1384,650,1462,784,1423,784,1249.9937744140625,439.48272705078125,4.366666666666666
132,1,375,685,427,843,401,843,166.37461853027344,688.9832763671875,4.4
132,2,909,655,970,801,939,801,712.6798706054688,509.1671142578125,4.4
132,3,1242,671,1297,812,1269,812,1065.4111328125,574.5669555664062,4.4
132,4,1378,649,1459,782,1418,782,1245.98779296875,428.7865295410156,4.4
133,1,375,684,431,849,403,849,173.7242889404297,715.4434814453125,4.433333333333334
133,2,910,651,970,802,940,802,713.8527221679688,514.1976318359375,4.433333333333334
133,3,1241,670,1295,811,1268,811,1064.80615234375,569.7178344726562,4.433333333333334
133,4,1372,651,1454,779,1413,779,1242.727783203125,412.70257568359375,4.433333333333334
134,1,377,683,438,849,407,849,177.7872314453125,715.5704345703125,4.466666666666667
134,2,912,651,973,801,942,801,715.939453125,509.2727966308594,4.466666666666667
134,3,1240,673,1293,813,1266,813,1061.7647705078125,579.2645874023438,4.466666666666667
134,4,1367,642,1452,777,1409,777,1239.787841796875,401.86688232421875,4.466666666666667
135,1,379,682,453,847,416,847,185.21109008789062,707.1111450195312,4.5
135,2,913,651,968,802,940,802,713.8527221679688,514.1976318359375,4.5
135,3,1240,675,1291,812,1265,812,1061.155029296875,574.43017578125,4.5
135,4,1365,643,1448,777,1406,777,1236.4185791015625,401.75543212890625,4.5
136,1,383,685,477,864,430,864,213.40084838867188,780.2665405273438,4.533333333333333
136,2,915,649,969,799,942,799,715.7728271484375,499.2350769042969,4.533333333333333
136,3,1237,675,1290,809,1263,809,1060.38330078125,559.870849609375,4.533333333333333
136,4,1358,645,1440,771,1399,771,1233.119140625,369.0022888183594,4.533333333333333
137,1,387,685,479,864,433,864,216.38119506835938,780.3587036132812,4.566666666666666
137,2,916,649,974,797,945,797,718.8853149414062,489.2402648925781,4.566666666666666
137,3,1236,677,1288,807,1262,807,1060.2222900390625,550.1002197265625,4.566666666666666
137,4,1347,645,1424,768,1385,768,1219.47412109375,351.98077392578125,4.566666666666666
138,1,393,689,478,865,435,865,219.1591033935547,784.5860595703125,4.6
138,2,915,650,976,793,945,793,718.5677490234375,468.8444519042969,4.6
138,3,1229,679,1286,808,1257,808,1054.413818359375,554.8032836914062,4.6
138,4,1346,642,1408,767,1377,767,1211.0880126953125,346.1415100097656,4.6
139,1,398,692,480,861,439,861,219.9720458984375,767.9734497070312,4.633333333333334
139,2,915,649,971,798,943,798,716.7808227539062,494.2278137207031,4.633333333333334
139,3,1226,682,1284,803,1255,803,1054.501220703125,530.19970703125,4.633333333333334
139,4,1323,641,1427,772,1375,772,1205.1705322265625,373.55950927734375,4.633333333333334
140,1,402,693,480,862,441,862,222.7566680908203,772.2369995117188,4.666666666666667
140,2,913,647,972,787,942,787,714.7506713867188,437.6474304199219,4.666666666666667
140,3,1220,684,1283,807,1251,807,1048.4251708984375,549.7196044921875,4.666666666666667
140,4,1316,640,1422,774,1369,774,1196.95947265625,384.2059020996094,4.666666666666667
141,1,405,693,483,861,444,861,224.96038818359375,768.1279296875,4.7
141,2,913,646,973,777,943,777,714.9973754882812,384.5086975097656,4.7
141,3,1220,685,1283,809,1251,809,1047.5538330078125,559.4576416015625,4.7
141,4,1315,638,1417,773,1366,773,1194.2725830078125,378.6661376953125,4.7
142,1,412,694,483,862,447,862,228.73385620117188,772.4219970703125,4.733333333333333
142,2,919,647,975,780,947,780,719.7545166015625,400.7919006347656,4.733333333333333
142,3,1223,686,1281,804,1252,804,1050.820068359375,535.0328369140625,4.733333333333333
142,4,1314,637,1413,774,1363,774,1190.1845703125,383.9812316894531,4.733333333333333
143,1,415,692,479,860,447,860,227.17042541503906,764.007080078125,4.766666666666667
143,2,921,646,974,774,947,774,719.2719116210938,368.3646545410156,4.766666666666667
143,3,1224,684,1281,808,1252,808,1049.0596923828125,554.6307373046875,4.766666666666667
143,4,1314,636,1409,776,1361,776,1186.55078125,394.7087097167969,4.766666666666667
144,1,417,693,487,861,452,861,232.94119262695312,768.3751220703125,4.8
144,2,924,645,968,773,946,773,718.0538330078125,362.8598937988281,4.8
144,3,1223,685,1276,807,1249,807,1046.2801513671875,549.650390625,4.8
144,4,1315,635,1407,774,1361,774,1187.92626953125,383.9063415527344,4.8
145,1,419,695,492,860,455,860,235.16256713867188,764.2547607421875,4.833333333333333
145,2,923,639,971,776,947,776,719.433837890625,379.24481201171875,4.833333333333333
145,3,1222,683,1274,804,1248,804,1046.509765625,534.8934326171875,4.833333333333333
145,4,1313,635,1397,768,1355,768,1185.264404296875,350.84033203125,4.833333333333333
146,1,420,694,501,867,460,867,245.4593963623047,793.644775390625,4.866666666666666
146,2,923,643,969,775,946,775,718.2200317382812,373.7761535644531,4.866666666666666
146,3,1222,682,1274,803,1248,803,1046.946533203125,529.9552001953125,4.866666666666666
146,4,1311,636,1384,768,1347,768,1176.1397705078125,350.5361328125,4.866666666666666
147,1,423,694,501,869,462,869,248.9268341064453,801.950927734375,4.9
147,2,922,636,974,774,948,774,720.40673828125,368.40228271484375,4.9
147,3,1223,680,1271,801,1247,801,1046.741455078125,519.9967651367188,4.9
147,4,1303,634,1373,770,1338,770,1164.55712890625,361.216796875,4.9
148,1,425,695,502,868,463,868,249.17047119140625,797.8646850585938,4.933333333333334
148,2,921,631,972,776,946,776,718.302734375,379.2073669433594,4.933333333333334
148,3,1225,678,1273,802,1249,802,1048.465576171875,525.036376953125,4.933333333333334
148,4,1294,642,1373,772,1333,772,1157.583251953125,371.9786376953125,4.933333333333334
149,1,425,697,501,872,463,872,252.12730407714844,814.2608642578125,4.966666666666667
149,2,921,629,972,777,946,777,718.3851928710938,384.6207580566406,4.966666666666667
149,3,1219,676,1271,802,1245,802,1044.1416015625,524.8963012695312,4.966666666666667
149,4,1289,635,1370,774,1329,774,1151.784423828125,382.7077941894531,4.966666666666667
150,1,426,702,497,874,461,874,251.6351318359375,822.3291015625,5.0
150,2,918,627,971,772,944,772,715.693115234375,357.29901123046875,5.0
150,3,1218,665,1270,801,1244,801,1043.4932861328125,519.8914794921875,5.0
150,4,1278,636,1363,774,1320,774,1141.6170654296875,382.37060546875,5.0
151,1,430,704,496,873,463,873,252.86126708984375,818.330810546875,5.033333333333333
151,2,918,626,974,773,946,773,718.0538330078125,362.8598937988281,5.033333333333333
151,3,1218,659,1270,801,1244,801,1043.4932861328125,519.8914794921875,5.033333333333333
151,4,1262,638,1357,772,1309,772,1130.3797607421875,371.074951171875,5.033333333333333
152,1,434,704,512,873,473,873,262.66461181640625,818.6318969726562,5.066666666666666
152,2,919,626,972,760,945,760,715.784423828125,290.0683288574219,5.066666666666666
152,3,1215,660,1269,801,1242,801,1041.3277587890625,519.8212890625,5.066666666666666
152,4,1253,632,1350,771,1301,771,1121.8936767578125,365.30413818359375,5.066666666666666
153,1,435,707,509,872,472,872,260.96295166015625,814.5324096679688,5.1
153,2,918,626,970,762,944,762,714.8041381835938,301.4295654296875,5.1
153,3,1215,649,1274,802,1244,802,1043.060546875,524.8612670898438,5.1
153,4,1236,633,1344,772,1290,772,1108.838134765625,370.3593444824219,5.1
154,1,436,707,507,872,471,872,259.98126220703125,814.5022583007812,5.133333333333334
154,2,915,625,969,761,942,761,712.39404296875,295.6612548828125,5.133333333333334
154,3,1211,649,1271,802,1241,802,1039.8173828125,524.7562255859375,5.133333333333334
154,4,1240,637,1336,766,1288,766,1109.9530029296875,337.1857604980469,5.133333333333334
155,1,437,708,503,871,470,871,258.2733154296875,810.3909912109375,5.166666666666667
155,2,910,627,968,759,939,759,708.7130737304688,284.104736328125,5.166666666666667
155,3,1209,645,1277,800,1243,800,1042.843017578125,514.870849609375,5.166666666666667
155,4,1246,639,1330,768,1288,768,1108.8179931640625,348.2918395996094,5.166666666666667
156,1,435,711,485,869,460,869,246.9547882080078,801.8901977539062,5.2
156,2,908,624,971,760,939,760,708.8140869140625,289.83428955078125,5.2
156,3,1218,630,1281,801,1249,801,1048.9068603515625,520.0670166015625,5.2
156,4,1246,639,1330,768,1288,768,1108.8179931640625,348.2918395996094,5.2
157,1,436,711,487,868,461,868,247.1956024169922,797.8038330078125,5.233333333333333
157,2,904,629,968,754,936,754,704.6819458007812,255.04495239257812,5.233333333333333
157,3,1206,650,1275,801,1240,801,1039.1622314453125,519.7510986328125,5.233333333333333
157,4,1240,648,1282,776,1261,776,1073.931640625,390.9804382324219,5.233333333333333
158,1,436,710,489,869,462,869,248.9268341064453,801.950927734375,5.266666666666667
158,2,898,628,969,755,933,755,701.2755126953125,260.7543029785156,5.266666666666667
158,3,1204,633,1262,794,1233,794,1034.5174560546875,484.2667541503906,5.266666666666667
158,4,1205,629,1302,793,1253,793,1056.873291015625,479.884033203125,5.266666666666667
159,1,438,708,492,868,465,868,251.14529418945312,797.925537109375,5.3
159,2,894,630,969,754,931,754,698.8132934570312,254.84683227539062,5.3
159,3,1204,633,1262,794,1233,794,1034.5174560546875,484.2667541503906,5.3
159,4,1200,626,1291,794,1245,794,1047.6558837890625,484.69512939453125,5.3
160,1,439,708,496,864,467,864,250.1519775390625,781.4024047851562,5.333333333333333
160,2,889,630,971,756,930,756,697.8804931640625,266.4444580078125,5.333333333333333
160,3,1198,628,1266,794,1232,794,1033.4224853515625,484.2310485839844,5.333333333333333
160,4,1201,629,1300,793,1250,793,1053.583984375,479.7767028808594,5.333333333333333
161,1,439,708,499,864,469,864,252.13812255859375,781.4638061523438,5.366666666666666
161,2,887,632,970,758,928,758,695.7881469726562,277.9244384765625,5.366666666666666
161,3,1194,625,1269,792,1231,792,1033.171142578125,473.98193359375,5.366666666666666
161,4,1201,629,1300,793,1250,793,1053.583984375,479.7767028808594,5.366666666666666
162,1,438,708,502,864,470,864,253.1311798095703,781.4945068359375,5.4
162,2,889,633,970,756,929,756,696.710693359375,266.4050598144531,5.4
162,3,1185,628,1270,788,1227,788,1030.45263671875,453.21295166015625,5.4
162,4,1201,629,1300,793,1250,793,1053.583984375,479.7767028808594,5.4
163,1,438,708,505,864,471,864,254.1242218017578,781.525146484375,5.433333333333334
163,2,896,638,969,756,932,756,700.2200317382812,266.5233154296875,5.433333333333334
163,3,1177,624,1267,784,1222,784,1026.5858154296875,432.13726806640625,5.433333333333334
163,4,1201,629,1300,793,1250,793,1053.583984375,479.7767028808594,5.433333333333334
164,1,438,708,503,864,470,864,253.1311798095703,781.4945068359375,5.466666666666667
164,2,891,634,971,758,931,758,699.2857055664062,278.0420837402344,5.466666666666667
164,3,1174,627,1245,785,1209,785,1011.7244262695312,436.9117431640625,5.466666666666667
164,4,1171,631,1237,757,1204,757,1017.4409790039062,282.98773193359375,5.466666666666667
165,1,438,707,502,866,470,866,254.6109161376953,789.8098754882812,5.5
165,2,882,638,970,755,926,755,693.0729370117188,260.4776611328125,5.5
165,3,1189,629,1242,787,1215,787,1017.5855712890625,447.5791931152344,5.5
165,4,1159,625,1230,761,1194,761,1004.204345703125,305.449951171875,5.5
166,1,438,707,497,865,467,865,250.89720153808594,785.5662841796875,5.533333333333333
166,2,874,640,968,755,921,755,687.2135009765625,260.280029296875,5.533333333333333
166,3,1193,633,1238,788,1215,788,1017.1847534179688,452.7781982421875,5.533333333333333
166,4,1150,624,1205,757,1177,757,986.0111083984375,281.92962646484375,5.533333333333333
167,1,437,708,494,865,465,865,248.91387939453125,785.5050048828125,5.566666666666666
167,2,871,636,966,760,918,760,684.4138793945312,289.0150451660156,5.566666666666666
167,3,1183,636,1237,786,1210,786,1012.4411010742188,442.18133544921875,5.566666666666666
167,4,1139,631,1201,756,1170,756,978.2161865234375,275.8907775878906,5.566666666666666
168,1,436,708,493,864,464,864,247.17269897460938,781.310302734375,5.6
168,2,857,637,962,758,909,758,673.63427734375,277.1792907714844,5.6
168,3,1182,649,1234,790,1208,790,1008.6712646484375,462.87371826171875,5.6
168,4,1132,626,1193,757,1162,757,968.5455322265625,281.34161376953125,5.6
169,1,436,708,494,865,465,865,248.91387939453125,785.5050048828125,5.633333333333334
169,2,836,635,957,759,896,759,658.6594848632812,282.42266845703125,5.633333333333334
169,3,1185,649,1235,789,1210,789,1011.2651977539062,457.7797546386719,5.633333333333334
169,4,1122,629,1185,758,1153,758,957.7439575195312,286.7354431152344,5.633333333333334
170,1,436,709,496,864,466,864,249.15890502929688,781.3717041015625,5.666666666666667
170,2,828,631,956,763,892,763,654.771728515625,305.0877685546875,5.666666666666667
170,3,1184,653,1239,794,1211,794,1010.4256591796875,483.4812316894531,5.666666666666667
170,4,1112,629,1177,748,1144,748,950.35595703125,228.01730346679688,5.666666666666667
171,1,436,709,497,864,466,864,249.15890502929688,781.3717041015625,5.7
171,2,839,634,947,764,893,764,656.1171875,310.7839660644531,5.7
171,3,1187,657,1230,789,1208,789,1009.05712890625,457.70745849609375,5.7
171,4,1098,670,1171,754,1134,754,936.7900390625,262.8804016113281,5.7
172,1,436,708,499,865,467,865,250.89720153808594,785.5662841796875,5.733333333333333
172,2,826,634,934,764,880,764,641.10595703125,310.2817687988281,5.733333333333333
172,3,1183,653,1230,790,1206,790,1006.4666748046875,462.8016052246094,5.733333333333333
172,4,1091,635,1163,760,1127,760,926.974365234375,297.15899658203125,5.733333333333333
173,1,437,710,499,864,468,864,251.1450653076172,781.43310546875,5.766666666666667
173,2,824,634,933,761,878,761,638.14013671875,293.17041015625,5.766666666666667
173,3,1178,646,1253,786,1215,786,1017.9877319335938,442.3634033203125,5.766666666666667
173,4,1086,634,1157,759,1121,759,920.2754516601562,291.2143249511719,5.766666666666667
174,1,437,711,499,864,468,864,251.1450653076172,781.43310546875,5.8
174,2,814,634,921,760,867,760,625.1300659179688,287.02459716796875,5.8
174,3,1172,647,1234,785,1203,785,1005.05712890625,436.6927185058594,5.8
174,4,1083,631,1150,758,1116,758,914.716552734375,285.2882080078125,5.8
175,1,436,709,500,863,468,863,250.3991241455078,777.2572631835938,5.833333333333333
175,2,814,633,914,763,864,763,622.3822021484375,304.00323486328125,5.833333333333333
175,3,1172,649,1226,785,1199,785,1000.612060546875,436.54669189453125,5.833333333333333
175,4,1075,635,1141,760,1108,760,904.9490356445312,296.41949462890625,5.833333333333333
176,1,436,710,506,864,471,864,254.1242218017578,781.525146484375,5.866666666666666
176,2,813,633,910,768,861,768,620.1580200195312,332.0014953613281,5.866666666666666
176,3,1167,649,1224,785,1195,785,996.166748046875,436.4006652832031,5.866666666666666
176,4,1072,638,1138,756,1105,756,902.3739013671875,273.3351745605469,5.866666666666666
177,1,435,711,506,866,470,866,254.6109161376953,789.8098754882812,5.9
177,2,806,634,904,763,855,763,611.9689331054688,303.654541015625,5.9
177,3,1161,648,1226,792,1193,792,991.4203491210938,472.6183776855469,5.9
177,4,1068,648,1132,762,1100,762,895.2462768554688,307.47705078125,5.9
178,1,432,711,504,866,468,866,252.63050842285156,789.748779296875,5.933333333333334
178,2,797,634,899,757,848,757,602.1915283203125,269.00799560546875,5.933333333333334
178,3,1158,645,1229,797,1193,797,989.6519775390625,498.0467834472656,5.933333333333334
178,4,1065,649,1161,757,1113,757,911.4688720703125,279.4200744628906,5.933333333333334
179,1,432,711,510,871,471,871,259.2564392089844,810.4212646484375,5.966666666666667
179,2,790,630,890,766,840,766,595.4835205078125,320.004638671875,5.966666666666667
179,3,1154,644,1252,796,1203,796,1000.9224853515625,493.348876953125,5.966666666666667
179,4,1066,649,1124,755,1095,755,890.9082641601562,267.1500549316406,5.966666666666667
180,1,432,712,514,869,473,869,259.77239990234375,802.2849731445312,6.0
180,2,789,630,882,769,835,769,590.6184692382812,336.5761413574219,6.0
180,3,1150,645,1240,796,1195,796,992.1873168945312,493.06451416015625,6.0
180,4,1059,646,1119,761,1089,761,882.7260131835938,301.375,6.0
181,1,433,714,513,868,473,868,259.0441589355469,798.1690063476562,6.033333333333333
181,2,785,630,847,760,816,760,565.8092041015625,285.0329284667969,6.033333333333333
181,3,1148,645,1240,796,1194,796,991.0953979492188,493.02899169921875,6.033333333333333
181,4,1058,648,1117,760,1087,760,880.599365234375,295.6019592285156,6.033333333333333
182,1,434,713,516,870,475,870,262.4674987792969,806.4497680664062,6.066666666666666
182,2,778,632,826,753,802,753,546.8970947265625,243.86947631835938,6.066666666666666
182,3,1145,646,1240,797,1192,797,988.561767578125,498.0113220214844,6.066666666666666
182,4,1054,646,1120,769,1087,769,878.9234619140625,346.1788635253906,6.066666666666666
183,1,437,714,520,872,478,872,266.8529357910156,814.7134399414062,6.1
183,2,770,631,844,764,807,764,556.7681884765625,307.4602355957031,6.1
183,3,1144,645,1226,797,1185,797,980.9296875,497.7630920410156,6.1
183,4,1058,642,1115,760,1086,760,879.439697265625,295.5630187988281,6.1
184,1,442,711,531,864,486,864,269.0186767578125,781.9854736328125,6.133333333333334
184,2,765,631,822,760,793,760,539.0444946289062,284.1343078613281,6.133333333333334
184,3,1145,646,1229,796,1187,796,983.4513549804688,492.7801513671875,6.133333333333334
184,4,1059,631,1110,766,1084,766,876.0322875976562,329.373779296875,6.133333333333334
185,1,452,709,547,867,499,867,284.0175476074219,794.8339233398438,6.166666666666667
185,2,752,629,809,761,780,761,524.3259887695312,289.3525390625,6.166666666666667
185,3,1145,645,1225,794,1185,794,981.9456176757812,482.5526428222656,6.166666666666667
185,4,1060,614,1108,764,1084,764,876.3925170898438,318.1532897949219,6.166666666666667
186,1,457,709,552,868,504,868,289.6461181640625,799.1121215820312,6.2
186,2,739,613,823,770,781,770,529.1231079101562,340.0706481933594,6.2
186,3,1144,648,1227,795,1185,795,981.6058959960938,487.6389465332031,6.2
186,4,1064,605,1115,761,1089,761,882.7260131835938,301.375,6.2
187,1,458,706,556,864,507,864,289.866943359375,782.6298217773438,6.233333333333333
187,2,732,622,824,771,778,771,526.0919799804688,345.4942321777344,6.233333333333333
187,3,1139,650,1224,797,1181,797,976.5682373046875,497.6212463378906,6.233333333333333
187,4,1066,604,1114,764,1090,764,883.3038940429688,318.3844909667969,6.233333333333333
188,1,464,703,557,864,510,864,292.84490966796875,782.7218627929688,6.266666666666667
188,2,719,624,826,770,772,770,518.8206787109375,339.727783203125,6.266666666666667
188,3,1138,650,1227,796,1182,796,977.990966796875,492.6024169921875,6.266666666666667
188,4,1065,604,1116,759,1090,759,884.2734985351562,290.00445556640625,6.266666666666667
189,1,470,700,563,864,516,864,298.800537109375,782.9059448242188,6.3
189,2,701,624,811,764,756,764,497.8027038574219,305.487548828125,6.3
189,3,1139,649,1226,795,1182,795,978.3244018554688,487.53204345703125,6.3
189,4,1060,606,1110,758,1085,758,878.6514892578125,284.07513427734375,6.3
190,1,471,699,565,869,518,869,304.1277160644531,803.6510009765625,6.333333333333333
190,2,688,628,798,766,743,766,483.7228088378906,316.2723083496094,6.333333333333333
190,3,1139,648,1222,795,1180,795,976.1366577148438,487.46075439453125,6.333333333333333
190,4,1057,603,1109,758,1083,758,876.3242797851562,283.9968566894531,6.333333333333333
191,1,482,703,567,863,524,863,306.0751953125,778.979248046875,6.366666666666666
191,2,679,626,803,764,741,764,480.45294189453125,304.9071044921875,6.366666666666666
191,3,1140,647,1220,793,1180,793,976.7997436523438,477.27105712890625,6.366666666666666
191,4,1058,608,1097,758,1077,758,869.3421630859375,283.76202392578125,6.366666666666666
192,1,483,704,572,867,527,867,311.690673828125,795.6873779296875,6.4
192,2,673,627,772,761,722,761,456.9021911621094,287.0908203125,6.4
192,3,1141,645,1219,792,1180,792,977.1329345703125,472.1517639160156,6.4
192,4,1059,602,1101,756,1080,756,873.1875610351562,272.3516845703125,6.4
193,1,489,706,584,869,536,869,321.864013671875,804.197265625,6.433333333333334
193,2,664,631,767,764,715,764,450.37249755859375,303.9007568359375,6.433333333333334
193,3,1141,638,1218,789,1179,789,977.0343017578125,456.65899658203125,6.433333333333334
193,4,1055,598,1117,745,1086,745,882.3187866210938,207.76560974121094,6.433333333333334
194,1,497,712,576,865,536,865,319.29644775390625,787.6787719726562,6.466666666666667
194,2,657,635,744,761,700,761,431.3150939941406,286.2325134277344,6.466666666666667
194,3,1140,634,1211,789,1175,789,972.6165161132812,456.51434326171875,6.466666666666667
194,4,1049,599,1116,742,1082,742,878.128662109375,189.4929962158203,6.466666666666667
195,1,499,715,600,873,549,873,337.1369934082031,820.9190673828125,6.5
195,2,656,639,735,760,695,760,424.91888427734375,280.3025207519531,6.5
195,3,1141,632,1231,800,1186,800,981.008544921875,512.8646240234375,6.5
195,4,1049,607,1112,741,1080,741,875.9234008789062,183.33216857910156,6.5
196,1,504,718,609,873,556,873,343.99334716796875,821.129638671875,6.533333333333333
196,2,655,639,732,760,693,760,422.58837890625,280.2242736816406,6.533333333333333
196,3,1141,635,1206,793,1173,793,969.117919921875,477.0203857421875,6.533333333333333
196,4,1041,585,1121,741,1081,741,877.1215209960938,183.37310791015625,6.533333333333333
197,1,507,722,601,865,554,865,337.1316223144531,788.2295532226562,6.566666666666666
197,2,652,643,733,764,692,764,423.75494384765625,303.01025390625,6.566666666666666
197,3,1137,634,1192,796,1164,796,958.3309326171875,491.96246337890625,6.566666666666666
197,4,1040,594,1122,742,1081,742,876.9326171875,189.45217895507812,6.566666666666666
198,1,510,725,609,870,559,870,345.127197265625,808.9937744140625,6.6
198,2,653,640,733,766,693,766,426.0627136230469,314.3467102050781,6.6
198,3,1134,633,1222,808,1178,808,969.7839965820312,552.0752563476562,6.6
198,4,1042,601,1122,744,1082,744,877.7486572265625,201.58767700195312,6.6
199,1,513,728,598,865,555,865,338.1223449707031,788.2601928710938,6.633333333333334
199,2,653,642,730,768,691,768,424.90594482421875,325.4924011230469,6.633333333333334
199,3,1132,636,1179,791,1155,791,949.9412231445312,466.1163635253906,6.633333333333334
199,4,1018,602,1126,753,1072,753,864.3341674804688,254.59523010253906,6.633333333333334
200,1,518,728,592,867,555,867,339.3557434082031,796.5405883789062,6.666666666666667
200,2,650,642,728,766,689,766,421.4483947753906,314.192626953125,6.666666666666667
200,3,1132,638,1180,794,1156,794,950.1693115234375,481.5165710449219,6.666666666666667
200,4,1021,638,1104,767,1062,767,850.6338500976562,334.114501953125,6.666666666666667
201,1,521,727,590,865,555,865,338.1223449707031,788.2601928710938,6.7
201,2,646,642,723,765,684,765,415.0885314941406,308.3597106933594,6.7
201,3,1130,637,1181,794,1155,794,949.0733642578125,481.4808349609375,6.7
201,4,1021,638,1104,767,1062,767,850.6338500976562,334.114501953125,6.7
202,1,523,726,587,863,555,863,336.8818664550781,779.9320068359375,6.733333333333333
202,2,645,645,704,763,674,763,402.3034362792969,296.6339111328125,6.733333333333333
202,3,1127,643,1181,796,1154,796,947.4069213867188,491.60687255859375,6.733333333333333
202,4,1032,649,1111,772,1071,772,860.1875,362.09912109375,6.733333333333333
203,1,525,725,586,859,555,859,334.3792724609375,763.130859375,6.766666666666667
203,2,640,645,706,762,673,762,400.52459716796875,290.8965759277344,6.766666666666667
203,3,1127,646,1178,792,1152,792,946.3526611328125,471.1465148925781,6.766666666666667
203,4,1057,634,1127,768,1092,768,884.828125,340.8247375488281,6.766666666666667
204,1,525,721,588,861,556,861,336.6306457519531,771.5865478515625,6.8
204,2,638,642,706,764,672,764,400.6031494140625,302.2357177734375,6.8
204,3,1125,646,1182,801,1153,801,944.91259765625,516.6956787109375,6.8
204,4,1046,663,1107,769,1076,769,866.3569946289062,345.76031494140625,6.8
205,1,522,716,588,863,555,863,336.8818664550781,779.9320068359375,6.833333333333333
205,2,637,640,697,759,667,759,391.64898681640625,273.44976806640625,6.833333333333333
205,3,1125,646,1182,801,1153,801,944.91259765625,516.6956787109375,6.833333333333333
205,4,1051,643,1172,792,1111,792,901.2635498046875,469.6739501953125,6.833333333333333
206,1,522,712,591,860,556,860,336.00555419921875,767.3803100585938,6.866666666666666
206,2,635,636,693,758,664,758,387.5005798339844,267.5550537109375,6.866666666666666
206,3,1098,647,1169,797,1133,797,924.2149047851562,495.9184875488281,6.866666666666666
206,4,1052,648,1174,793,1113,793,903.2479248046875,474.8709411621094,6.866666666666666
207,1,523,709,594,862,558,862,339.2439880371094,775.84228515625,6.9
207,2,633,633,688,760,660,760,384.12646484375,278.93292236328125,6.9
207,3,1096,645,1169,801,1132,801,922.1485595703125,515.9577026367188,6.9
207,4,1058,644,1176,799,1117,799,906.3199462890625,505.42236328125,6.9
208,1,521,708,598,861,559,861,339.6200256347656,771.6791381835938,6.933333333333334
208,2,632,629,688,756,660,756,381.50836181640625,255.78387451171875,6.933333333333334
208,3,1107,646,1180,801,1143,801,934.0732421875,516.3442993164062,6.933333333333334
208,4,1061,644,1194,801,1127,801,916.727783203125,515.781982421875,6.933333333333334
209,1,521,709,589,861,555,861,335.6341857910156,771.5557250976562,6.966666666666667
209,2,630,623,683,755,656,755,376.1452941894531,249.78863525390625,6.966666666666667
209,3,1096,646,1168,796,1132,796,923.3696899414062,490.8244323730469,6.966666666666667
209,4,1066,644,1171,795,1118,795,908.2922973632812,485.2505187988281,6.966666666666667
210,1,522,707,589,859,555,859,334.3792724609375,763.130859375,7.0
210,2,627,622,681,756,654,756,374.46588134765625,255.54656982421875,7.0
210,3,1064,644,1199,804,1131,804,920.3460693359375,530.8134155273438,7.0
210,4,1066,644,1171,795,1118,795,908.2922973632812,485.2505187988281,7.0
211,1,523,705,590,860,556,860,336.00555419921875,767.3803100585938,7.033333333333333
211,2,624,618,673,757,648,757,368.1047058105469,261.12725830078125,7.033333333333333
211,3,1064,644,1199,804,1131,804,920.3460693359375,530.8134155273438,7.033333333333333
211,4,1065,646,1192,797,1128,797,918.759765625,495.7410583496094,7.033333333333333
212,1,524,706,592,861,558,861,338.6235656738281,771.6483154296875,7.066666666666666
212,2,623,616,667,753,645,753,361.8234558105469,237.6160888671875,7.066666666666666
212,3,1065,648,1191,801,1128,801,917.8119506835938,515.817138671875,7.066666666666666
212,4,1065,646,1192,797,1128,797,918.759765625,495.7410583496094,7.066666666666666
213,1,524,706,593,859,558,859,337.3773498535156,763.2238159179688,7.1
213,2,622,611,673,757,647,757,366.9328308105469,261.0877990722656,7.1
213,3,1065,648,1191,801,1128,801,917.8119506835938,515.817138671875,7.1
213,4,1067,646,1197,809,1132,809,920.2343139648438,555.356689453125,7.1
214,1,526,705,597,864,561,864,343.455810546875,784.2860717773438,7.133333333333334
214,2,618,612,702,752,660,752,378.8543701171875,232.31732177734375,7.133333333333334
214,3,1073,644,1158,801,1115,801,903.716552734375,515.3601684570312,7.133333333333334
214,4,1069,647,1197,807,1133,807,921.7824096679688,545.6339111328125,7.133333333333334
215,1,529,704,598,870,563,870,349.06158447265625,809.1148071289062,7.166666666666667
215,2,616,603,664,731,640,731,339.7782287597656,102.7945327758789,7.166666666666667
215,3,1073,644,1158,801,1115,801,903.716552734375,515.3601684570312,7.166666666666667
215,4,1069,649,1181,803,1125,803,914.1001586914062,525.655517578125,7.166666666666667
216,1,530,704,599,857,564,857,342.13720703125,754.9371337890625,7.2
216,2,613,594,661,732,637,732,336.86700439453125,109.01531982421875,7.2
216,3,1072,652,1157,796,1114,796,903.6983032226562,490.1841125488281,7.2
216,4,1069,649,1181,803,1125,803,914.1001586914062,525.655517578125,7.2
217,1,533,704,601,852,567,852,342.04412841796875,733.6328125,7.233333333333333
217,2,612,593,666,730,639,730,337.7857666015625,96.38214874267578,7.233333333333333
217,3,1072,652,1157,796,1114,796,903.6983032226562,490.1841125488281,7.233333333333333
217,4,1075,654,1157,783,1116,783,908.783203125,422.98095703125,7.233333333333333
218,1,541,705,608,854,574,854,350.3350524902344,742.44873046875,7.266666666666667
218,2,611,596,651,738,631,738,334.1492919921875,146.38409423828125,7.266666666666667
218,3,1089,655,1160,791,1124,791,915.7980346679688,465.0003356933594,7.266666666666667
218,4,1075,654,1157,783,1116,783,908.783203125,422.98095703125,7.266666666666667
219,1,544,702,614,854,579,854,355.3673400878906,742.6053466796875,7.3
219,2,610,601,648,737,629,737,330.9577941894531,140.08570861816406,7.3
219,3,1095,654,1164,797,1129,797,919.850830078125,495.77655029296875,7.3
219,4,1094,656,1138,793,1116,793,906.5425415039062,474.9784240722656,7.3
220,1,548,703,635,855,591,855,368.0284118652344,747.2590942382812,7.333333333333333
220,2,603,606,645,736,624,736,324.1078796386719,133.63975524902344,7.333333333333333
220,3,1098,649,1168,797,1133,797,924.2149047851562,495.9184875488281,7.333333333333333
220,4,1093,654,1148,796,1120,796,910.2559204101562,490.3975524902344,7.333333333333333
221,1,548,700,636,853,592,853,367.8652038574219,738.7222900390625,7.366666666666666
221,2,601,598,644,738,622,738,323.24658203125,146.01051330566406,7.366666666666666
221,3,1092,649,1173,800,1132,800,922.3912353515625,510.96282958984375,7.366666666666666
221,4,1089,658,1127,792,1108,792,897.9635009765625,469.566162109375,7.366666666666666
222,1,546,697,643,852,594,852,369.2970886230469,734.4823608398438,7.4
222,2,598,606,644,739,621,739,322.8182067871094,152.16346740722656,7.4
222,3,1092,638,1178,804,1135,804,924.662109375,530.9530029296875,7.4
222,4,1083,658,1135,802,1109,802,897.0076293945312,520.13037109375,7.4
223,1,548,688,642,849,595,849,368.54962158203125,721.530029296875,7.433333333333334
223,2,598,606,644,739,621,739,322.8182067871094,152.16346740722656,7.433333333333334
223,3,1120,634,1181,793,1150,793,943.8731689453125,476.1966247558594,7.433333333333334
223,4,1072,661,1129,797,1100,797,888.2052001953125,494.7472839355469,7.433333333333334
224,1,548,610,653,850,600,850,374.19769287109375,726.0286254882812,7.466666666666667
224,2,598,606,644,739,621,739,322.8182067871094,152.16346740722656,7.466666666666667
224,3,1125,631,1186,789,1155,789,950.5244750976562,455.7910461425781,7.466666666666667
224,4,1069,660,1159,799,1114,799,903.056640625,505.31640625,7.466666666666667
225,1,550,695,663,851,606,851,380.8394775390625,730.54541015625,7.5
225,2,598,606,644,739,621,739,322.8182067871094,152.16346740722656,7.5
225,3,1131,632,1189,771,1160,771,961.63525390625,359.9756774902344,7.5
225,4,1067,655,1163,805,1115,805,902.868896484375,535.1888427734375,7.5
226,1,552,678,673,851,612,851,386.9027404785156,730.7345581054688,7.533333333333333
226,2,598,606,644,739,621,739,322.8182067871094,152.16346740722656,7.533333333333333
226,3,1134,632,1189,769,1161,769,963.41796875,348.9931640625,7.533333333333333
226,4,1067,657,1137,796,1102,796,890.581787109375,489.75714111328125,7.533333333333333
227,1,556,614,677,849,616,849,389.83441162109375,722.1949462890625,7.566666666666666
227,2,598,606,644,739,621,739,322.8182067871094,152.16346740722656,7.566666666666666
227,3,1138,631,1193,768,1165,768,968.3148803710938,343.6079406738281,7.566666666666666
227,4,1063,655,1122,799,1092,799,879.1223754882812,504.5392150878906,7.566666666666666
228,1,574,641,672,850,623,850,397.47381591796875,726.7553100585938,7.6
228,2,598,606,644,739,621,739,322.8182067871094,152.16346740722656,7.6
228,3,1142,634,1198,769,1170,769,973.689208984375,349.33526611328125,7.6
228,4,1062,653,1148,801,1105,801,892.8724975585938,515.0086059570312,7.6
229,1,584,692,679,845,631,845,402.8846740722656,705.1889038085938,7.633333333333334
229,2,598,606,644,739,621,739,322.8182067871094,152.16346740722656,7.633333333333334
229,3,1146,632,1204,769,1175,769,979.3949584960938,349.5252990722656,7.633333333333334
229,4,1059,651,1144,800,1101,800,888.7241821289062,509.8705139160156,7.633333333333334
230,1,597,688,680,843,638,843,408.9559631347656,696.59521484375,7.666666666666667
230,2,598,606,644,739,621,739,322.8182067871094,152.16346740722656,7.666666666666667
230,3,1149,632,1220,769,1184,769,989.6644287109375,349.86737060546875,7.666666666666667
230,4,1055,651,1132,795,1093,795,880.9219360351562,484.3588562011719,7.666666666666667
231,1,599,686,680,843,639,843,409.97821044921875,696.6273193359375,7.7
231,2,598,606,644,739,621,739,322.8182067871094,152.16346740722656,7.7
231,3,1152,634,1226,771,1189,771,994.6183471679688,361.0723571777344,7.7
231,4,1050,646,1108,790,1079,790,866.3703002929688,458.21856689453125,7.7
232,1,598,682,683,842,640,842,410.4693908691406,692.2312622070312,7.733333333333333
232,2,598,606,644,739,621,739,322.8182067871094,152.16346740722656,7.733333333333333
232,3,1156,637,1236,779,1196,779,999.5198364257812,404.67193603515625,7.733333333333333
232,4,1049,644,1102,790,1075,790,861.9544067382812,458.0740966796875,7.733333333333333
233,1,600,680,679,839,639,839,407.8383483886719,678.8352661132812,7.766666666666667
233,2,604,679,709,839,656,839,425.3185729980469,679.3853759765625,7.766666666666667
233,3,1159,635,1239,778,1199,778,1003.2698364257812,399.4285583496094,7.766666666666667
233,4,1045,640,1099,784,1072,784,859.5189819335938,426.6442565917969,7.766666666666667
234,1,596,678,693,839,644,839,412.97991943359375,678.9970703125,7.8
234,2,604,679,709,839,656,839,425.3185729980469,679.3853759765625,7.8
234,3,1156,637,1239,781,1197,781,999.8862915039062,415.3661804199219,7.8
234,4,1040,644,1099,784,1069,784,856.1746215820312,426.5343017578125,7.8
235,1,602,680,694,835,648,835,414.98309326171875,661.1234130859375,7.833333333333333
235,2,598,598,647,730,622,730,316.8985900878906,95.66094970703125,7.833333333333333
235,3,1157,632,1250,777,1203,777,1008.1577758789062,394.20538330078125,7.833333333333333
235,4,1036,633,1104,790,1070,790,856.434326171875,457.8935241699219,7.833333333333333
236,1,606,675,711,835,658,835,425.3268127441406,661.449951171875,7.866666666666666
236,2,599,606,649,731,624,731,320.1551513671875,102.11763763427734,7.866666666666666
236,3,1157,631,1267,777,1212,777,1018.2894287109375,394.5404968261719,7.866666666666666
236,4,1030,635,1099,789,1064,789,849.9404907226562,452.4978332519531,7.866666666666666
237,1,616,673,687,836,651,836,418.61151123046875,665.7421875,7.9
237,2,603,614,650,731,626,731,322.6082458496094,102.20225524902344,7.9
237,3,1161,630,1281,776,1221,776,1028.846435546875,389.4879150390625,7.9
237,4,1026,636,1099,788,1062,788,847.8562622070312,447.22955322265625,7.9
238,1,625,669,690,829,657,829,421.1644287109375,634.0076904296875,7.933333333333334
238,2,600,616,654,729,627,729,322.2471008300781,89.47885131835938,7.933333333333334
238,3,1171,629,1271,775,1221,775,1029.2744140625,384.0824890136719,7.933333333333334
238,4,1021,634,1098,784,1059,784,845.0260009765625,426.167724609375,7.933333333333334
239,1,632,671,696,832,664,832,430.00836181640625,648.0045776367188,7.966666666666667
239,2,601,617,654,733,627,733,325.41119384765625,114.91976928710938,7.966666666666667
239,3,1174,626,1276,772,1225,772,1035.1058349609375,367.9099426269531,7.966666666666667
239,4,1017,635,1099,784,1058,784,843.9110107421875,426.1310729980469,7.966666666666667
240,1,638,665,712,824,675,824,437.443115234375,611.385498046875,8.0
240,2,598,604,658,724,628,724,319.4698791503906,57.205322265625,8.0
240,3,1183,626,1241,773,1212,773,1019.9371948242188,372.8797607421875,8.0
240,4,1015,634,1091,780,1053,780,838.7918701171875,404.7191162109375,8.0
241,1,640,669,726,830,683,830,448.7821044921875,639.4689331054688,8.033333333333333
241,2,595,609,659,726,627,726,319.8442077636719,70.15845489501953,8.033333333333333
241,3,1185,626,1245,776,1215,776,1022.0818481445312,389.2639465332031,8.033333333333333
241,4,1013,633,1089,774,1051,774,837.2199096679688,372.2760925292969,8.033333333333333
242,1,642,668,726,823,684,823,446.4147644042969,607.0012817382812,8.066666666666666
242,2,595,607,656,730,625,730,320.58489990234375,95.7882308959961,8.066666666666666
242,3,1195,633,1270,780,1232,780,1039.4686279296875,411.3396911621094,8.066666666666666
242,4,1010,632,1081,771,1045,771,830.7267456054688,355.6230773925781,8.066666666666666
243,1,647,667,714,816,680,816,438.674072265625,573.6613159179688,8.1
243,2,600,612,657,731,628,731,325.0613098144531,102.28687286376953,8.1
243,3,1205,631,1261,767,1233,767,1046.4793701171875,340.6491394042969,8.1
243,4,1011,634,1082,771,1046,771,831.8659057617188,355.66094970703125,8.1
244,1,647,653,723,819,685,819,445.4931945800781,588.149169921875,8.133333333333333
244,2,602,611,657,732,629,732,327.0730285644531,108.67780303955078,8.133333333333333
244,3,1211,629,1267,771,1239,771,1051.4588623046875,362.9622497558594,8.133333333333333
244,4,1007,633,1083,769,1045,769,830.9335327148438,344.5804443359375,8.133333333333333
245,1,649,666,711,817,680,817,439.18280029296875,578.4489135742188,8.166666666666666
245,2,609,612,655,733,632,733,331.5218200683594,115.13014221191406,8.166666666666666
245,3,1211,631,1271,771,1241,771,1053.7318115234375,363.0378112792969,8.166666666666666
245,4,998,634,1061,773,1029,773,812.3538818359375,365.98980712890625,8.166666666666666
246,1,650,668,709,813,679,813,436.0689392089844,559.1751098632812,8.2
246,2,613,610,658,733,635,733,335.1880187988281,115.25636291503906,8.2
246,3,1219,630,1280,778,1249,778,1059.45361328125,401.2853088378906,8.2
246,4,998,634,1061,773,1029,773,812.3538818359375,365.98980712890625,8.2
247,1,652,667,709,811,680,811,436.1065979003906,549.4998779296875,8.233333333333333
247,2,619,612,665,734,642,734,344.493408203125,121.85309600830078,8.233333333333333
247,3,1229,633,1286,779,1257,779,1067.9503173828125,406.9314880371094,8.233333333333333
247,4,991,637,1088,778,1039,778,823.2572021484375,393.4794921875,8.233333333333333
248,1,655,669,711,813,683,813,440.34661865234375,559.3124389648438,8.266666666666667
248,2,620,614,666,733,643,733,344.96380615234375,115.59292602539062,8.266666666666667
248,3,1235,634,1309,786,1272,786,1081.1966552734375,444.4381408691406,8.266666666666667
248,4,1011,661,1088,775,1049,775,834.84375,377.64031982421875,8.266666666666667
249,1,658,668,718,811,688,811,444.6883850097656,549.7758178710938,8.3
249,2,621,609,670,735,645,735,348.89501953125,128.2585906982422,8.3
249,3,1234,638,1306,780,1270,780,1082.015625,412.7433776855469,8.3
249,4,1003,632,1086,767,1044,767,829.9949340820312,333.4258728027344,8.3
250,1,657,674,713,804,685,804,437.8671569824219,515.2103271484375,8.333333333333334
250,2,621,613,671,734,646,734,349.3723449707031,122.02091217041016,8.333333333333334
250,3,1240,640,1327,789,1283,789,1091.8245849609375,460.4173278808594,8.333333333333334
250,4,993,631,1041,764,1017,764,799.1814575195312,315.5701904296875,8.333333333333334
251,1,656,675,725,807,690,807,444.8180847167969,530.2463989257812,8.366666666666667
251,2,622,615,671,733,646,733,348.6294860839844,115.71913146972656,8.366666666666667
251,3,1242,641,1315,787,1278,787,1087.3331298828125,449.86663818359375,8.366666666666667
251,4,996,630,1042,760,1019,760,801.7096557617188,292.9532470703125,8.366666666666667
252,1,657,680,716,803,686,803,438.43218994140625,510.26025390625,8.4
252,2,622,613,672,732,647,732,349.1080017089844,109.4371566772461,8.4
252,3,1245,639,1313,787,1279,787,1088.4398193359375,449.9029235839844,8.4
252,4,996,630,1042,760,1019,760,801.7096557617188,292.9532470703125,8.4
253,1,644,672,717,802,680,802,431.38299560546875,505.04791259765625,8.433333333333334
253,2,622,611,682,737,652,737,358.8644104003906,141.04281616210938,8.433333333333334
253,3,1245,639,1317,790,1281,790,1089.1033935546875,465.50494384765625,8.433333333333334
253,4,996,630,1042,760,1019,760,801.7096557617188,292.9532470703125,8.433333333333334
254,1,640,662,724,805,682,805,435.1381530761719,520.0748901367188,8.466666666666667
254,2,622,611,683,736,652,736,358.1422424316406,134.80813598632812,8.466666666666667
254,3,1244,641,1312,789,1278,789,1086.3089599609375,460.23675537109375,8.466666666666667
254,4,996,630,1042,760,1019,760,801.7096557617188,292.9532470703125,8.466666666666667
255,1,625,613,732,809,678,809,432.9161071777344,539.6602783203125,8.5
255,2,622,611,683,736,652,736,358.1422424316406,134.80813598632812,8.5
255,3,1249,643,1310,787,1279,787,1088.4398193359375,449.9029235839844,8.5
255,4,996,630,1042,760,1019,760,801.7096557617188,292.9532470703125,8.5
256,1,630,615,731,806,680,806,433.49884033203125,524.9592895507812,8.533333333333333
256,2,622,611,683,736,652,736,358.1422424316406,134.80813598632812,8.533333333333333
256,3,1258,643,1312,789,1285,789,1094.0306396484375,460.48956298828125,8.533333333333333
256,4,998,633,1087,768,1042,768,827.6029052734375,338.91705322265625,8.533333333333333
257,1,632,618,720,803,676,803,427.569091796875,509.9086608886719,8.566666666666666
257,2,622,611,683,736,652,736,358.1422424316406,134.80813598632812,8.566666666666666
257,3,1271,645,1319,787,1295,787,1106.1451416015625,450.48358154296875,8.566666666666666
257,4,998,633,1087,768,1042,768,827.6029052734375,338.91705322265625,8.566666666666666
258,1,634,618,718,803,676,803,427.569091796875,509.9086608886719,8.6
258,2,622,611,683,736,652,736,358.1422424316406,134.80813598632812,8.6
258,3,1279,642,1323,791,1301,791,1110.5792236328125,471.36700439453125,8.6
258,4,998,633,1087,768,1042,768,827.6029052734375,338.91705322265625,8.6
259,1,645,614,713,801,679,801,429.7601013183594,499.995361328125,8.633333333333333
259,2,622,611,683,736,652,736,358.1422424316406,134.80813598632812,8.633333333333333
259,3,1280,640,1325,785,1302,785,1115.0067138671875,440.3046875,8.633333333333333
259,4,998,633,1087,768,1042,768,827.6029052734375,338.91705322265625,8.633333333333333
260,1,642,614,711,803,676,803,427.569091796875,509.9086608886719,8.666666666666666
260,2,622,611,683,736,652,736,358.1422424316406,134.80813598632812,8.666666666666666
260,3,1283,640,1333,785,1308,785,1121.6661376953125,440.5234680175781,8.666666666666666
260,4,998,633,1087,768,1042,768,827.6029052734375,338.91705322265625,8.666666666666666
261,1,644,619,712,802,678,802,429.2069091796875,504.9774169921875,8.7
261,2,622,611,683,736,652,736,358.1422424316406,134.80813598632812,8.7
261,3,1285,645,1333,782,1309,782,1124.502197265625,424.785400390625,8.7
261,4,998,633,1087,768,1042,768,827.6029052734375,338.91705322265625,8.7
262,1,644,618,720,802,682,802,433.55908203125,505.1183776855469,8.733333333333333
262,2,622,611,683,736,652,736,358.1422424316406,134.80813598632812,8.733333333333333
262,3,1294,646,1340,784,1317,784,1132.242431640625,435.6111755371094,8.733333333333333
262,4,998,633,1087,768,1042,768,827.6029052734375,338.91705322265625,8.733333333333333
263,1,644,611,722,799,683,799,433.0581359863281,490.0550231933594,8.766666666666667
263,2,622,611,683,736,652,736,358.1422424316406,134.80813598632812,8.766666666666667
263,3,1294,645,1350,789,1322,789,1134.8349609375,461.8255310058594,8.766666666666667
263,4,998,633,1087,768,1042,768,827.6029052734375,338.91705322265625,8.766666666666667
264,1,645,615,731,801,688,801,439.5675964355469,500.31329345703125,8.8
264,2,622,611,683,736,652,736,358.1422424316406,134.80813598632812,8.8
264,3,1295,647,1359,791,1327,791,1139.1573486328125,472.3011169433594,8.8
264,4,998,633,1087,768,1042,768,827.6029052734375,338.91705322265625,8.8
265,1,641,616,732,799,686,799,436.337646484375,490.1614990234375,8.833333333333334
265,2,622,611,683,736,652,736,358.1422424316406,134.80813598632812,8.833333333333334
265,3,1293,647,1360,793,1326,793,1136.879150390625,482.4947814941406,8.833333333333334
265,4,992,629,1086,767,1039,767,824.2611083984375,333.23455810546875,8.833333333333334
266,1,641,613,736,795,688,795,436.4166259765625,469.87774658203125,8.866666666666667
266,2,642,618,708,795,675,795,422.1139831542969,469.41180419921875,8.866666666666667
266,3,1295,649,1361,794,1328,794,1138.4798583984375,487.65643310546875,8.866666666666667
266,4,995,629,1087,767,1041,767,826.5546875,333.3110656738281,8.866666666666667
267,1,643,615,740,793,691,793,438.66375732421875,459.71063232421875,8.9
267,2,642,638,694,792,668,792,412.7073669433594,453.7181396484375,8.9
267,3,1300,653,1364,798,1332,798,1140.4844970703125,507.9972229003906,8.9
267,4,996,628,1086,767,1041,767,826.5546875,333.3110656738281,8.9
268,1,642,625,741,792,691,792,438.1346130371094,454.548583984375,8.933333333333334
268,2,642,643,692,791,667,791,411.02813720703125,448.50128173828125,8.933333333333334
268,3,1305,653,1367,798,1336,798,1144.83154296875,508.13848876953125,8.933333333333334
268,4,992,629,1086,767,1039,767,824.2611083984375,333.23455810546875,8.933333333333334
269,1,643,624,744,792,693,792,440.3453674316406,454.62078857421875,8.966666666666667
269,2,643,633,702,794,672,794,418.25384521484375,464.1734924316406,8.966666666666667
269,3,1313,654,1371,798,1342,798,1151.3516845703125,508.3503723144531,8.966666666666667
269,4,989,629,1087,766,1038,766,823.2054443359375,327.6095886230469,8.966666666666667
270,1,645,626,744,790,694,790,440.3980407714844,444.2834777832031,9.0
270,2,643,640,695,792,669,792,413.8130187988281,453.7542419433594,9.0
270,3,1317,652,1372,800,1344,800,1152.31005859375,518.4224243164062,9.0
270,4,986,631,1086,765,1036,765,820.99560546875,321.9272766113281,9.0
271,1,700,629,746,725,723,725,437.9822692871094,67.79902648925781,9.033333333333333
271,2,642,643,689,790,665,790,408.23419189453125,443.2312927246094,9.033333333333333
271,3,1326,647,1382,797,1354,797,1165.0181884765625,503.7504577636719,9.033333333333333
271,4,987,630,1086,765,1036,765,820.99560546875,321.9272766113281,9.033333333333333
272,1,698,628,751,731,724,731,442.73291015625,106.3459243774414,9.066666666666666
272,2,643,647,688,789,665,789,407.65338134765625,438.01690673828125,9.066666666666666
272,3,1332,647,1386,793,1359,793,1173.02392578125,483.67425537109375,9.066666666666666
272,4,987,630,1086,765,1036,765,820.99560546875,321.9272766113281,9.066666666666666
273,1,697,632,756,740,726,740,450.2745361328125,162.66847229003906,9.1
273,2,642,648,689,789,665,789,407.65338134765625,438.01690673828125,9.1
273,3,1337,648,1389,794,1363,794,1176.7529296875,488.9043273925781,9.1
273,4,985,630,1087,764,1036,764,821.0835571289062,316.30291748046875,9.1
274,1,695,627,763,741,729,741,454.4408874511719,168.93136596679688,9.133333333333333
274,2,643,648,691,793,667,793,412.1733703613281,458.84619140625,9.133333333333333
274,3,1341,650,1394,794,1367,794,1181.1259765625,489.0469055175781,9.133333333333333
274,4,985,630,1087,763,1036,763,821.1717529296875,310.65966796875,9.133333333333333
275,1,697,628,767,744,732,744,459.6695556640625,187.34332275390625,9.166666666666666
275,2,642,647,698,795,670,795,416.6123962402344,469.2325744628906,9.166666666666666
275,3,1348,653,1401,795,1374,795,1188.1102294921875,494.366455078125,9.166666666666666
275,4,985,630,1087,763,1036,763,821.1717529296875,310.65966796875,9.166666666666666
276,1,700,626,768,745,734,745,462.5953674316406,193.4785919189453,9.2
276,2,643,647,697,795,670,795,416.6123962402344,469.2325744628906,9.2
276,3,1352,654,1403,797,1377,797,1190.0439453125,504.5644226074219,9.2
276,4,985,630,1087,763,1036,763,821.1717529296875,310.65966796875,9.2
277,1,708,622,771,746,739,746,469.0896911621094,199.7141571044922,9.233333333333333
277,2,643,647,690,796,666,796,412.7789001464844,474.2041015625,9.233333333333333
277,3,1350,657,1420,806,1385,806,1192.6964111328125,549.4717407226562,9.233333333333333
277,4,985,630,1087,763,1036,763,821.1717529296875,310.65966796875,9.233333333333333
278,1,715,611,775,745,745,745,475.7398681640625,193.926025390625,9.266666666666667
278,2,643,643,685,798,664,798,411.7191467285156,484.3139953613281,9.266666666666667
278,3,1359,659,1417,807,1388,807,1195.2471923828125,554.456298828125,9.266666666666667
278,4,985,630,1087,763,1036,763,821.1717529296875,310.65966796875,9.266666666666667
279,1,730,610,785,747,757,747,491.0397033691406,206.4536895751953,9.3
279,2,643,648,707,799,675,799,424.31219482421875,489.7710266113281,9.3
279,3,1362,664,1435,812,1398,812,1202.5694580078125,578.9742431640625,9.3
279,4,985,630,1087,763,1036,763,821.1717529296875,310.65966796875,9.3
280,1,745,599,786,743,765,743,498.69854736328125,182.61767578125,9.333333333333334
280,2,640,647,691,797,665,797,412.2481689453125,479.2670593261719,9.333333333333334
280,3,1362,666,1450,819,1406,819,1206.3250732421875,612.4625854492188,9.333333333333334
280,4,985,630,1087,763,1036,763,821.1717529296875,310.65966796875,9.333333333333334
281,1,744,610,793,748,768,748,504.5910339355469,212.88607788085938,9.366666666666667
281,2,635,647,685,798,660,798,407.33837890625,484.171630859375,9.366666666666667
281,3,1369,668,1449,819,1409,819,1209.47802734375,612.5633544921875,9.366666666666667
281,4,985,630,1087,763,1036,763,821.1717529296875,310.65966796875,9.366666666666667
282,1,741,607,805,751,773,751,511.86077880859375,230.92530822753906,9.4
282,2,626,646,686,799,656,799,403.5373840332031,489.096435546875,9.4
282,3,1373,669,1454,823,1413,823,1210.9718017578125,631.3578491210938,9.4
282,4,985,630,1087,763,1036,763,821.1717529296875,310.65966796875,9.4
283,1,745,589,812,751,778,751,517.7713012695312,231.12538146972656,9.433333333333334
283,2,622,647,686,799,654,799,401.3503112792969,489.0254211425781,9.433333333333334
283,3,1374,666,1456,815,1415,815,1218.5400390625,593.8753051757812,9.433333333333334
283,4,985,630,1087,763,1036,763,821.1717529296875,310.65966796875,9.433333333333334
284,1,744,620,853,755,798,755,542.957763671875,255.4147186279297,9.466666666666667
284,2,618,648,686,801,652,801,400.33154296875,499.0413513183594,9.466666666666667
284,3,1376,665,1461,821,1418,821,1217.5611572265625,622.223388671875,9.466666666666667
284,4,979,628,1057,752,1018,752,800.9872436523438,246.59365844726562,9.466666666666667
285,1,765,624,854,754,809,754,555.504638671875,250.00904846191406,9.5
285,2,616,648,687,800,651,800,398.65643310546875,493.9704284667969,9.5
285,3,1381,662,1464,824,1422,824,1219.6856689453125,636.2862548828125,9.5
285,4,979,628,1057,752,1018,752,800.9872436523438,246.59365844726562,9.5
286,1,776,625,836,749,806,749,550.11376953125,220.38134765625,9.533333333333333
286,2,617,648,689,801,653,801,401.421630859375,499.0766906738281,9.533333333333333
286,3,1385,663,1468,822,1426,822,1225.2449951171875,627.147705078125,9.533333333333333
286,4,979,628,1057,752,1018,752,800.9872436523438,246.59365844726562,9.533333333333333
287,1,785,627,839,748,812,748,556.8634643554688,214.6604461669922,9.566666666666666
287,2,616,648,689,800,652,800,399.7482604980469,494.005859375,9.566666666666666
287,3,1384,662,1475,816,1429,816,1232.6270751953125,599.0928955078125,9.566666666666666
287,4,979,628,1057,752,1018,752,800.9872436523438,246.59365844726562,9.566666666666666
288,1,794,632,845,751,819,751,566.2235107421875,232.76551818847656,9.6
288,2,615,648,687,797,651,797,396.8902587890625,478.7675476074219,9.6
288,3,1390,665,1480,820,1435,820,1236.0836181640625,618.1211547851562,9.6
288,4,979,628,1057,752,1018,752,800.9872436523438,246.59365844726562,9.6
289,1,803,639,854,751,828,751,576.8560180664062,233.12542724609375,9.633333333333333
289,2,619,648,686,797,652,797,397.9873352050781,478.8032531738281,9.633333333333333
289,3,1390,668,1483,824,1436,824,1234.2845458984375,636.7509765625,9.633333333333333
289,4,979,628,1057,752,1018,752,800.9872436523438,246.59365844726562,9.633333333333333
290,1,806,639,862,750,834,750,583.6265258789062,227.44639587402344,9.666666666666666
290,2,620,648,686,798,653,798,399.6715087890625,483.9224853515625,9.666666666666666
290,3,1391,670,1479,823,1435,823,1233.9490966796875,632.08984375,9.666666666666666
290,4,979,628,1057,752,1018,752,800.9872436523438,246.59365844726562,9.666666666666666
291,1,812,635,873,753,842,753,593.991943359375,245.4607391357422,9.7
291,2,621,648,688,801,654,801,402.5117492675781,499.1120300292969,9.7
291,3,1397,676,1487,825,1442,825,1239.824462890625,641.5634765625,9.7
291,4,979,628,1057,752,1018,752,800.9872436523438,246.59365844726562,9.7
292,1,816,635,875,755,845,755,598.1057739257812,257.2746887207031,9.733333333333333
292,2,627,648,687,797,657,797,403.4725341796875,478.9816589355469,9.733333333333333
292,3,1401,681,1487,827,1444,827,1240.474609375,650.8142700195312,9.733333333333333
292,4,979,628,1057,752,1018,752,800.9872436523438,246.59365844726562,9.733333333333333
293,1,819,633,868,753,843,753,595.1690063476562,245.50051879882812,9.766666666666667
293,2,629,649,686,795,657,795,402.3067626953125,468.7665100097656,9.766666666666667
293,3,1404,683,1490,830,1447,830,1241.4423828125,664.5855712890625,9.766666666666667
293,4,979,628,1057,752,1018,752,800.9872436523438,246.59365844726562,9.766666666666667
294,1,824,635,868,751,846,751,598.1175537109375,233.84515380859375,9.8
294,2,636,649,683,796,659,796,405.08807373046875,473.9537658691406,9.8
294,3,1406,687,1491,829,1448,829,1243.190185546875,660.0746459960938,9.8
294,4,979,628,1057,752,1018,752,800.9872436523438,246.59365844726562,9.8
295,1,827,624,874,751,850,751,602.8416748046875,234.00506591796875,9.833333333333334
295,2,640,649,683,794,661,794,406.1300964355469,463.7781982421875,9.833333333333334
295,3,1402,691,1492,829,1447,829,1242.155517578125,660.0418090820312,9.833333333333334
295,4,979,628,1057,752,1018,752,800.9872436523438,246.59365844726562,9.833333333333334
296,1,832,621,873,748,852,748,604.35888671875,216.27264404296875,9.866666666666667
296,2,640,649,683,795,661,795,406.708740234375,468.909912109375,9.866666666666667
296,3,1402,693,1492,829,1447,829,1242.155517578125,660.0418090820312,9.866666666666667
296,4,979,628,1057,752,1018,752,800.9872436523438,246.59365844726562,9.866666666666667
297,1,830,608,877,749,853,749,605.8264770507812,222.27072143554688,9.9
297,2,639,649,686,795,662,795,407.8091735839844,468.9457702636719,9.9
297,3,1396,694,1492,830,1444,830,1238.3427734375,664.4873657226562,9.9
297,4,979,628,1057,752,1018,752,800.9872436523438,246.59365844726562,9.9
298,1,822,604,893,753,857,753,611.646484375,246.05726623535156,9.933333333333334
298,2,638,650,688,795,663,795,408.9096374511719,468.98162841796875,9.933333333333334
298,3,1392,694,1493,829,1442,829,1236.981689453125,659.8777465820312,9.933333333333334
298,4,979,628,1057,752,1018,752,800.9872436523438,246.59365844726562,9.933333333333334
299,1,825,606,888,749,856,749,609.3814697265625,222.3912811279297,9.966666666666667
299,2,637,650,687,793,662,793,406.6535949707031,458.66607666015625,9.966666666666667
299,3,1388,694,1491,828,1439,828,1234.580078125,655.2212524414062,9.966666666666667
299,4,979,628,1057,752,1018,752,800.9872436523438,246.59365844726562,9.966666666666667
300,1,825,606,888,749,856,749,609.3814697265625,222.3912811279297,10.0
300,2,637,650,690,793,663,793,407.757568359375,458.70208740234375,10.0
300,3,1383,692,1490,832,1436,832,1228.69091796875,673.2735595703125,10.0
300,4,832,594,888,735,860,735,610.3089599609375,137.24136352539062,10.0
301,1,842,594,891,729,866,729,615.9797973632812,99.63074493408203,10.033333333333333
301,2,636,650,689,793,662,793,406.6535949707031,458.66607666015625,10.033333333333333
301,3,1371,690,1489,832,1430,832,1222.5093994140625,673.0780029296875,10.033333333333333
301,4,832,594,888,735,860,735,610.3089599609375,137.24136352539062,10.033333333333333
302,1,850,592,898,722,874,722,623.992919921875,54.769142150878906,10.066666666666666
302,2,636,651,685,794,660,794,405.0278625488281,463.7422790527344,10.066666666666666
302,3,1376,688,1489,831,1432,831,1225.255615234375,668.6256103515625,10.066666666666666
302,4,832,594,888,735,860,735,610.3089599609375,137.24136352539062,10.066666666666666
303,1,854,590,904,721,879,721,629.955078125,48.435264587402344,10.1
303,2,636,650,686,796,661,796,407.2855224609375,474.0252990722656,10.1
303,3,1372,686,1489,833,1430,833,1221.828857421875,677.5821533203125,10.1
303,4,832,594,888,735,860,735,610.3089599609375,137.24136352539062,10.1
304,1,854,582,907,719,880,719,630.7013549804688,35.30742645263672,10.133333333333333
304,2,635,651,685,796,660,796,406.1867980957031,473.9895324707031,10.133333333333333
304,3,1365,684,1488,836,1426,836,1215.702880859375,690.8848266601562,10.133333333333333
304,4,855,572,930,718,892,718,645.466796875,29.210554122924805,10.133333333333333
305,1,856,586,912,717,884,717,635.2140502929688,22.215669631958008,10.166666666666666
305,2,635,650,683,797,659,797,405.6665344238281,479.0530090332031,10.166666666666666
305,3,1361,684,1478,837,1419,837,1207.8775634765625,695.1100463867188,10.166666666666666
305,4,857,568,945,717,901,717,656.523681640625,22.960941314697266,10.166666666666666
306,1,856,586,912,717,884,717,635.2140502929688,22.215669631958008,10.2
306,2,634,650,681,799,657,799,404.63092041015625,489.1319580078125,10.2
306,3,1352,684,1472,831,1412,831,1204.617431640625,667.97216796875,10.2
306,4,857,561,946,717,901,717,656.523681640625,22.960941314697266,10.2
307,1,856,586,912,717,884,717,635.2140502929688,22.215669631958008,10.233333333333333
307,2,633,649,680,801,656,801,404.69189453125,499.1827087402344,10.233333333333333
307,3,1342,684,1455,831,1398,831,1190.16796875,667.5146484375,10.233333333333333
307,4,860,559,944,710,902,710,656.34716796875,-24.181730270385742,10.233333333333333
308,1,862,596,930,717,896,717,650.2566528320312,22.741762161254883,10.266666666666667
308,2,632,650,681,798,656,798,402.9573669433594,484.0292663574219,10.266666666666667
308,3,1340,687,1438,827,1389,827,1183.3734130859375,649.0007934570312,10.266666666666667
308,4,860,559,944,710,902,710,656.34716796875,-24.181730270385742,10.266666666666667
309,1,862,596,930,717,896,717,650.2566528320312,22.741762161254883,10.3
309,2,632,650,680,798,656,798,402.9573669433594,484.0292663574219,10.3
309,3,1341,693,1441,837,1391,837,1179.2364501953125,694.2073364257812,10.3
309,4,864,608,931,722,897,722,652.56591796875,55.76347732543945,10.3
310,1,870,603,926,733,898,733,656.0408325195312,126.30277252197266,10.333333333333334
310,2,631,651,678,798,654,798,400.7668151855469,483.95806884765625,10.333333333333334
310,3,1338,697,1426,833,1382,833,1172.4366455078125,676.0206909179688,10.333333333333334
310,4,864,608,931,722,897,722,652.56591796875,55.76347732543945,10.333333333333334
311,1,870,603,926,733,898,733,656.0408325195312,126.30277252197266,10.366666666666667
311,2,631,651,678,798,654,798,400.7668151855469,483.95806884765625,10.366666666666667
311,3,1342,704,1420,841,1381,841,1166.6319580078125,711.5693969726562,10.366666666666667
311,4,864,608,931,722,897,722,652.56591796875,55.76347732543945,10.366666666666667
312,1,870,603,926,733,898,733,656.0408325195312,126.30277252197266,10.4
312,2,630,652,680,798,655,798,401.8620910644531,483.9936828613281,10.4
312,3,1346,707,1418,842,1382,842,1167.05859375,715.98974609375,10.4
312,4,864,608,931,722,897,722,652.56591796875,55.76347732543945,10.4
313,1,870,603,926,733,898,733,656.0408325195312,126.30277252197266,10.433333333333334
313,2,631,652,680,798,655,798,401.8620910644531,483.9936828613281,10.433333333333334
313,3,1341,709,1412,843,1376,843,1160.385009765625,720.1741943359375,10.433333333333334
313,4,864,608,931,722,897,722,652.56591796875,55.76347732543945,10.433333333333334
314,1,870,603,926,733,898,733,656.0408325195312,126.30277252197266,10.466666666666667
314,2,632,654,680,798,656,798,402.9573669433594,484.0292663574219,10.466666666666667
314,3,1340,711,1409,843,1374,843,1158.356689453125,720.110595703125,10.466666666666667
314,4,881,611,934,731,907,731,666.640869140625,114.06956481933594,10.466666666666667
315,1,879,614,933,730,906,730,665.2353515625,107.68836975097656,10.5
315,2,630,654,681,798,655,798,401.8620910644531,483.9936828613281,10.5
315,3,1338,713,1406,842,1372,842,1156.902099609375,715.6708374023438,10.5
315,4,881,611,934,731,907,731,666.640869140625,114.06956481933594,10.5
316,1,877,611,935,735,906,735,666.1459350585938,139.16004943847656,10.533333333333333
316,2,630,654,682,798,656,798,402.9573669433594,484.0292663574219,10.533333333333333
316,3,1341,713,1407,844,1374,844,1157.7816162109375,724.4736328125,10.533333333333333
316,4,978,590,1076,718,1027,718,814.2333374023438,35.10700607299805,10.533333333333333
317,1,878,611,935,733,906,733,665.7836303710938,126.63819885253906,10.566666666666666
317,2,630,655,682,798,656,798,402.9573669433594,484.0292663574219,10.566666666666666
317,3,1339,713,1406,846,1372,846,1154.6170654296875,733.0980224609375,10.566666666666666
317,4,978,590,1076,718,1027,718,814.2333374023438,35.10700607299805,10.566666666666666
318,1,880,608,934,732,907,732,666.8214721679688,120.38602447509766,10.6
318,2,630,655,680,798,655,798,401.8620910644531,483.9936828613281,10.6
318,3,1336,710,1417,848,1376,848,1157.51171875,741.86083984375,10.6
318,4,978,590,1076,718,1027,718,814.2333374023438,35.10700607299805,10.6
319,1,877,609,930,732,903,732,661.941650390625,120.21785736083984,10.633333333333333
319,2,629,655,680,798,654,798,400.7668151855469,483.95806884765625,10.633333333333333
319,3,1337,709,1419,847,1378,847,1160.0994873046875,737.612060546875,10.633333333333333
319,4,978,590,1076,718,1027,718,814.2333374023438,35.10700607299805,10.633333333333333
320,1,878,606,925,729,901,729,658.9187622070312,101.11478424072266,10.666666666666666
320,2,629,655,680,798,654,798,400.7668151855469,483.95806884765625,10.666666666666666
320,3,1339,706,1407,848,1373,848,1154.491455078125,741.7664184570312,10.666666666666666
320,4,978,590,1076,718,1027,718,814.2333374023438,35.10700607299805,10.666666666666666
321,1,878,593,928,728,903,728,661.1805419921875,94.81487274169922,10.7
321,2,629,655,683,798,656,798,402.9573669433594,484.0292663574219,10.7
321,3,1336,707,1415,849,1375,849,1155.9368896484375,746.128662109375,10.7
321,4,978,590,1076,718,1027,718,814.2333374023438,35.10700607299805,10.7
322,1,880,603,922,725,901,725,658.1318359375,75.43755340576172,10.733333333333333
322,2,630,656,680,798,655,798,401.8620910644531,483.9936828613281,10.733333333333333
322,3,1337,706,1401,845,1369,845,1152.152099609375,728.6654052734375,10.733333333333333
322,4,978,590,1076,718,1027,718,814.2333374023438,35.10700607299805,10.733333333333333
323,1,878,605,922,725,900,725,656.896484375,75.39469146728516,10.766666666666667
323,2,629,656,682,799,655,799,402.44384765625,489.0609436035156,10.766666666666667
323,3,1336,707,1399,845,1367,845,1150.1295166015625,728.60205078125,10.766666666666667
323,4,982,606,1079,721,1030,721,817.7123413085938,54.97564697265625,10.766666666666667
324,1,878,604,922,723,900,723,656.4943237304688,62.41707992553711,10.8
324,2,629,656,682,799,655,799,402.44384765625,489.0609436035156,10.8
324,3,1336,706,1401,845,1368,845,1151.140869140625,728.6337280273438,10.8
324,4,984,609,1079,750,1031,750,816.4446411132812,235.33468627929688,10.8
325,1,877,606,922,723,899,723,655.2545166015625,62.37397766113281,10.833333333333334
325,2,628,656,684,800,656,800,404.1155700683594,494.1475524902344,10.833333333333334
325,3,1338,706,1403,847,1370,847,1152.0335693359375,737.3597412109375,10.833333333333334
325,4,983,609,1077,745,1030,745,815.6688232421875,205.49691772460938,10.833333333333334
326,1,877,606,922,722,899,722,655.0501098632812,55.84992599487305,10.866666666666667
326,2,629,656,681,799,655,799,402.44384765625,489.0609436035156,10.866666666666667
326,3,1337,706,1406,846,1371,846,1153.607421875,733.06640625,10.866666666666667
326,4,981,615,1080,753,1030,753,815.02490234375,252.92913818359375,10.866666666666667
327,1,878,606,922,723,900,723,656.4943237304688,62.41707992553711,10.9
327,2,628,656,682,799,655,799,402.44384765625,489.0609436035156,10.9
327,3,1337,703,1415,848,1376,848,1157.51171875,741.86083984375,10.9
327,4,981,619,1080,756,1030,756,814.7879028320312,270.3838195800781,10.9
328,1,878,604,922,723,900,723,656.4943237304688,62.41707992553711,10.933333333333334
328,2,628,656,683,799,655,799,402.44384765625,489.0609436035156,10.933333333333334
328,3,1338,701,1413,847,1375,847,1157.0748291015625,737.5174560546875,10.933333333333334
328,4,979,622,1041,755,1010,755,791.4569091796875,263.7958679199219,10.933333333333334
329,1,878,603,923,723,900,723,656.4943237304688,62.41707992553711,10.966666666666667
329,2,628,656,681,800,654,800,401.93194580078125,494.07672119140625,10.966666666666667
329,3,1339,700,1412,847,1375,847,1157.0748291015625,737.5174560546875,10.966666666666667
329,4,987,629,1086,757,1036,757,821.7074584960938,276.398193359375,10.966666666666667
330,1,877,602,923,723,900,723,656.4943237304688,62.41707992553711,11.0
330,2,627,657,683,799,655,799,402.44384765625,489.0609436035156,11.0
330,3,1340,702,1410,846,1375,846,1157.6463623046875,733.19287109375,11.0
330,4,977,627,1086,756,1031,756,815.9562377929688,270.4231872558594,11.0
331,1,876,602,923,723,899,723,655.2545166015625,62.37397766113281,11.033333333333333
331,2,627,657,688,800,657,800,405.20733642578125,494.1829833984375,11.033333333333333
331,3,1339,697,1412,849,1375,849,1155.9368896484375,746.128662109375,11.033333333333333
331,4,975,628,1086,760,1030,760,814.4757080078125,293.3818664550781,11.033333333333333
332,1,878,602,925,723,901,723,657.7341918945312,62.460182189941406,11.066666666666666
332,2,629,656,689,800,659,800,407.3908996582031,494.2538146972656,11.066666666666666
332,3,1339,698,1415,848,1377,848,1158.5185546875,741.892333984375,11.066666666666666
332,4,977,625,1086,748,1031,748,816.6097412109375,223.4773712158203,11.066666666666666
333,1,877,601,923,720,900,720,655.8856811523438,42.77439880371094,11.1
333,2,628,656,689,800,658,800,406.29913330078125,494.2184143066406,11.1
333,3,1339,696,1413,847,1376,847,1158.0830078125,737.5490112304688,11.1
333,4,987,625,1086,751,1036,751,822.2540893554688,241.4322967529297,11.1
334,1,878,601,916,717,897,717,651.5100708007812,22.785598754882812,11.133333333333333
334,2,627,656,687,800,657,800,405.20733642578125,494.1829833984375,11.133333333333333
334,3,1341,694,1413,847,1377,847,1159.09130859375,737.5805053710938,11.133333333333333
334,4,983,624,1060,739,1021,739,805.335205078125,168.6808319091797,11.133333333333333
335,1,878,599,917,718,897,718,651.7227783203125,29.429128646850586,11.166666666666666
335,2,628,656,685,800,656,800,404.1155700683594,494.1475524902344,11.166666666666666
335,3,1341,691,1414,846,1377,846,1159.6656494140625,733.2560424804688,11.166666666666666
335,4,986,620,1062,746,1024,746,808.4558715820312,211.25514221191406,11.166666666666666
336,1,877,600,917,721,897,721,652.3562622070312,49.21559524536133,11.2
336,2,627,656,685,800,656,800,404.1155700683594,494.1475524902344,11.2
336,3,1340,691,1413,845,1376,845,1159.230712890625,728.88720703125,11.2
336,4,991,622,1062,747,1026,747,810.7601318359375,217.3164520263672,11.2
337,1,878,601,914,720,896,720,650.8992309570312,42.60052490234375,11.233333333333333
337,2,627,656,685,800,656,800,404.1155700683594,494.1475524902344,11.233333333333333
337,3,1340,691,1413,846,1376,846,1158.656005859375,733.2244873046875,11.233333333333333
337,4,1001,627,1062,739,1031,739,817.36669921875,169.09268188476562,11.233333333333333
338,1,877,600,914,720,895,720,649.652587890625,42.55705642700195,11.266666666666667
338,2,627,657,683,800,655,800,403.02374267578125,494.11212158203125,11.266666666666667
338,3,1337,683,1409,844,1373,844,1156.7689208984375,724.44189453125,11.266666666666667
338,4,1007,610,1070,741,1038,741,825.5882568359375,181.61236572265625,11.266666666666667
339,1,877,600,914,720,895,720,649.652587890625,42.55705642700195,11.3
339,2,628,656,682,800,655,800,403.02374267578125,494.11212158203125,11.3
339,3,1338,683,1408,844,1373,844,1156.7689208984375,724.44189453125,11.3
339,4,1015,606,1072,742,1043,742,831.47216796875,187.900390625,11.3
340,1,876,599,915,720,895,720,649.652587890625,42.55705642700195,11.333333333333334
340,2,628,655,678,800,653,800,400.8401184082031,494.0412902832031,11.333333333333334
340,3,1337,685,1409,845,1373,845,1156.197021484375,728.7921142578125,11.333333333333334
340,4,1020,605,1076,749,1048,749,836.6256713867188,230.0978240966797,11.333333333333334
341,1,876,598,915,720,895,720,649.652587890625,42.55705642700195,11.366666666666667
341,2,628,655,677,800,652,800,399.7482604980469,494.005859375,11.366666666666667
341,3,1336,684,1409,848,1372,848,1153.4847412109375,741.7349243164062,11.366666666666667
341,4,1022,602,1077,749,1049,749,837.8078002929688,230.13790893554688,11.366666666666667
342,1,876,598,915,720,895,720,649.652587890625,42.55705642700195,11.4
342,2,628,655,678,800,653,800,400.8401184082031,494.0412902832031,11.4
342,3,1336,684,1412,848,1374,848,1155.498291015625,741.7978515625,11.4
342,4,1021,601,1082,749,1051,749,840.1719970703125,230.2180938720703,11.4
343,1,876,598,915,720,895,720,649.652587890625,42.55705642700195,11.433333333333334
343,2,628,655,681,801,654,801,402.5117492675781,499.1120300292969,11.433333333333334
343,3,1336,684,1412,846,1374,846,1156.6365966796875,733.1612548828125,11.433333333333334
343,4,1021,601,1082,749,1051,749,840.1719970703125,230.2180938720703,11.433333333333334
344,1,877,599,916,717,896,717,650.2566528320312,22.741762161254883,11.466666666666667
344,2,629,655,680,800,654,800,401.93194580078125,494.07672119140625,11.466666666666667
344,3,1336,684,1415,846,1375,846,1157.6463623046875,733.19287109375,11.466666666666667
344,4,1038,608,1090,754,1064,754,854.796630859375,260.11248779296875,11.466666666666667
345,1,876,597,917,718,896,718,650.4716186523438,29.385414123535156,11.5
345,2,631,656,677,799,654,799,401.3503112792969,489.0254211425781,11.5
345,3,1336,684,1419,845,1377,845,1160.2418212890625,728.9188842773438,11.5
345,4,1040,608,1094,756,1067,756,858.0071411132812,271.84014892578125,11.5
346,1,875,596,917,719,896,719,650.685791015625,36.00495910644531,11.533333333333333
346,2,631,656,677,800,654,800,401.93194580078125,494.07672119140625,11.533333333333333
346,3,1337,683,1422,844,1379,844,1162.844970703125,724.6323852539062,11.533333333333333
346,4,1047,610,1096,751,1071,751,863.484619140625,242.82798767089844,11.533333333333333
347,1,875,596,916,719,895,719,649.4368896484375,35.961368560791016,11.566666666666666
347,2,631,656,676,800,653,800,400.8401184082031,494.0412902832031,11.566666666666666
347,3,1336,685,1423,844,1379,844,1162.844970703125,724.6323852539062,11.566666666666666
347,4,1049,615,1099,752,1074,752,866.8494262695312,248.8210906982422,11.566666666666666
348,1,873,591,915,719,894,719,648.18798828125,35.91777420043945,11.6
348,2,630,655,679,800,654,800,401.93194580078125,494.07672119140625,11.6
348,3,1336,683,1426,844,1381,844,1164.8702392578125,724.6958618164062,11.6
348,4,1050,613,1101,755,1075,755,867.517333984375,266.36114501953125,11.6
349,1,874,598,916,721,895,721,649.8674926757812,49.12889862060547,11.633333333333333
349,2,630,655,678,800,654,800,401.93194580078125,494.07672119140625,11.633333333333333
349,3,1336,683,1430,846,1383,846,1165.7236328125,733.4457397460938,11.633333333333333
349,4,1053,607,1117,757,1085,757,878.8381958007812,278.321533203125,11.633333333333333
350,1,873,596,913,722,893,722,647.5972900390625,55.59056854248047,11.666666666666666
350,2,630,655,679,800,654,800,401.93194580078125,494.07672119140625,11.666666666666666
350,3,1335,683,1442,847,1388,847,1170.180908203125,737.927490234375,11.666666666666666
350,4,1057,620,1123,758,1090,758,884.4693603515625,284.27081298828125,11.666666666666666
351,1,873,601,912,724,892,724,646.7944946289062,68.57366943359375,11.7
351,2,631,655,677,799,654,799,401.3503112792969,489.0254211425781,11.7
351,3,1336,684,1437,845,1386,845,1169.3419189453125,729.2039794921875,11.7
351,4,1057,608,1138,762,1097,762,891.7794799804688,307.3608703613281,11.7
352,1,870,600,911,724,890,724,644.3189697265625,68.4876937866211,11.733333333333333
352,2,631,653,679,798,655,798,401.8620910644531,483.9936828613281,11.733333333333333
352,3,1337,682,1433,844,1385,844,1168.920654296875,724.8228759765625,11.733333333333333
352,4,1059,613,1150,765,1104,765,899.20947265625,324.5416259765625,11.733333333333333
353,1,867,601,912,723,889,723,642.855224609375,61.94291305541992,11.766666666666667
353,2,631,653,677,798,654,798,400.7668151855469,483.95806884765625,11.766666666666667
353,3,1338,681,1432,844,1385,844,1168.920654296875,724.8228759765625,11.766666666666667
353,4,1061,611,1157,767,1109,767,904.5031127929688,335.91192626953125,11.766666666666667
354,1,864,596,914,726,889,726,643.53076171875,81.37838745117188,11.8
354,2,631,651,679,798,655,798,401.8620910644531,483.9936828613281,11.8
354,3,1337,680,1432,844,1384,844,1167.9080810546875,724.7911376953125,11.8
354,4,1060,617,1131,761,1095,761,889.6718139648438,301.6080017089844,11.8
355,1,865,595,910,725,887,725,640.835205078125,74.83740997314453,11.833333333333334
355,2,631,649,693,800,662,800,410.6661071777344,494.3600769042969,11.833333333333334
355,3,1338,680,1429,846,1383,846,1165.7236328125,733.4457397460938,11.833333333333334
355,4,1062,605,1133,754,1097,754,893.4595336914062,261.41766357421875,11.833333333333334
356,1,863,596,909,724,886,724,639.3677978515625,68.31573486328125,11.866666666666667
356,2,628,648,703,800,665,800,413.94122314453125,494.4663391113281,11.866666666666667
356,3,1341,679,1427,845,1384,845,1167.31982421875,729.140625,11.866666666666667
356,4,1064,606,1135,757,1099,757,895.1549682617188,278.870849609375,11.866666666666667
357,1,861,597,908,725,884,725,637.12841796875,74.70879364013672,11.9
357,2,630,646,712,801,671,801,421.0414733886719,499.7127380371094,11.9
357,3,1345,679,1425,842,1385,842,1170.1053466796875,716.08544921875,11.9
357,4,1068,620,1139,756,1103,756,900.039306640625,273.2565002441406,11.9
358,1,858,597,908,725,883,725,635.8927612304688,74.66592407226562,11.933333333333334
358,2,630,644,706,800,668,800,417.2161865234375,494.5726013183594,11.933333333333334
358,3,1346,680,1421,842,1383,842,1168.07421875,716.0216674804688,11.933333333333334
358,4,1081,621,1141,758,1111,758,908.9005737304688,285.09259033203125,11.933333333333334
359,1,852,593,911,727,881,727,633.9047241210938,87.46945190429688,11.966666666666667
359,2,631,644,691,800,661,800,409.5743713378906,494.3246765136719,11.966666666666667
359,3,1351,680,1420,842,1385,842,1170.1053466796875,716.08544921875,11.966666666666667
359,4,1097,616,1145,758,1121,758,920.5322265625,285.48382568359375,11.966666666666667
360,1,848,593,912,727,880,727,632.6734619140625,87.42681121826172,12.0
360,2,629,644,680,800,654,800,401.93194580078125,494.07672119140625,12.0
360,3,1351,679,1419,840,1385,840,1171.297119140625,707.2960815429688,12.0
360,4,1103,615,1145,756,1124,756,924.5494384765625,274.0823974609375,12.0
361,1,844,594,933,731,888,731,643.418212890625,113.26850891113281,12.033333333333333
361,2,628,643,675,798,651,798,397.4808654785156,483.8512878417969,12.033333333333333
361,3,1352,679,1414,837,1383,837,1171.0517578125,693.9493408203125,12.033333333333333
361,4,1107,617,1151,757,1129,757,930.1099243164062,280.0476379394531,12.033333333333333
362,1,841,594,941,736,891,736,648.154052734375,144.7640838623047,12.066666666666666
362,2,627,641,686,798,656,798,402.9573669433594,484.0292663574219,12.066666666666666
362,3,1351,678,1413,836,1382,836,1170.6279296875,689.4630126953125,12.066666666666666
362,4,1112,618,1156,756,1134,756,936.21875,274.4756164550781,12.066666666666666
363,1,838,596,920,732,879,732,632.6572875976562,119.20867156982422,12.1
363,2,627,641,690,798,658,798,405.14788818359375,484.1004638671875,12.1
363,3,1346,679,1412,831,1379,831,1170.554443359375,666.8936767578125,12.1
363,4,1116,620,1159,757,1137,757,939.4290771484375,280.36138916015625,12.1
364,1,834,598,917,732,875,732,627.775634765625,119.04044342041016,12.133333333333333
364,2,626,642,683,796,654,796,399.59423828125,473.7749328613281,12.133333333333333
364,3,1346,680,1412,830,1379,830,1171.1600341796875,662.3585815429688,12.133333333333333
364,4,1119,619,1164,758,1141,758,943.7913208007812,286.2661437988281,12.133333333333333
365,1,827,599,914,734,870,734,622.192138671875,131.40460205078125,12.166666666666666
365,2,627,640,677,789,652,789,393.2082824707031,437.5439758300781,12.166666666666666
365,3,1347,680,1412,830,1379,830,1171.1600341796875,662.3585815429688,12.166666666666666
365,4,1122,622,1167,759,1144,759,946.9777221679688,292.1116638183594,12.166666666666666
366,1,824,594,912,733,868,733,619.4964599609375,125.04460906982422,12.2
366,2,629,638,677,787,653,787,393.1090087890625,427.098876953125,12.2
366,3,1345,679,1417,830,1381,830,1173.2279052734375,662.424072265625,12.2
366,4,1121,624,1171,765,1146,765,947.4857788085938,326.1552734375,12.2
