frame,track_id,class,x,y,x1,y1,x2,y2
0,1,0,1043,1026,1003,822,1084,1026
0,2,0,818,807,790,651,846,807
0,3,0,305,749,278,612,332,749
0,4,0,317,751,280,617,354,751
0,5,0,1448,780,1414,675,1482,780
0,6,0,1529,856,1486,735,1572,856
0,7,0,1436,769,1414,677,1458,769
1,1,0,1042,1027,1003,822,1082,1027
1,2,0,819,810,792,653,847,810
1,3,0,305,749,278,612,332,749
1,4,0,317,751,280,617,355,751
1,5,0,1448,780,1414,675,1482,780
1,6,0,1529,856,1486,735,1572,856
1,7,0,1437,770,1414,677,1460,770
2,1,0,1041,1027,1002,822,1081,1027
2,2,0,820,810,793,654,848,810
2,3,0,305,749,278,612,332,749
2,4,0,317,751,280,617,355,751
2,5,0,1448,780,1414,675,1482,780
2,6,0,1528,856,1486,735,1570,856
2,7,0,1438,770,1414,677,1462,770
3,1,0,1040,1026,1001,822,1080,1026
3,2,0,821,810,795,655,848,810
3,3,0,305,749,278,611,332,749
3,4,0,317,751,280,617,355,751
3,5,0,1448,780,1414,675,1482,780
3,6,0,1528,855,1486,735,1570,855
3,7,0,1437,770,1414,677,1460,770
4,1,0,1040,1026,1001,822,1079,1026
4,2,0,822,810,796,655,849,810
4,3,0,305,749,278,611,333,749
4,4,0,317,750,280,617,354,750
4,5,0,1448,780,1414,675,1482,780
4,6,0,1527,855,1486,735,1569,855
4,7,0,1436,769,1414,677,1459,769
5,1,0,1039,1026,1000,822,1078,1026
5,2,0,824,810,798,655,850,810
5,3,0,306,748,278,612,334,748
5,4,0,317,750,280,617,354,750
5,5,0,1448,780,1414,675,1482,780
5,6,0,1528,856,1486,735,1571,856
5,7,0,1436,769,1414,677,1459,769
6,1,0,1039,1025,1000,822,1078,1025
6,2,0,825,811,799,656,852,811
6,3,0,306,748,278,612,334,748
6,4,0,317,750,280,617,354,750
6,5,0,1448,780,1414,675,1482,780
6,6,0,1529,856,1486,735,1572,856
6,7,0,1436,770,1414,677,1459,770
7,1,0,1039,1025,1000,822,1078,1025
7,2,0,827,812,800,656,854,812
7,3,0,306,749,278,611,334,749
7,4,0,317,750,280,618,354,750
7,5,0,1448,780,1414,675,1482,780
7,6,0,1529,856,1486,735,1572,856
7,7,0,1436,770,1414,677,1459,770
8,1,0,1039,1025,1000,822,1078,1025
8,2,0,828,813,800,655,856,813
8,3,0,305,749,277,611,334,749
8,4,0,317,750,280,617,354,750
8,5,0,1448,779,1414,675,1482,779
8,6,0,1529,856,1486,735,1572,856
8,7,0,1436,769,1414,677,1458,769
9,1,0,1039,1025,1001,823,1077,1025
9,2,0,830,813,802,656,859,813
9,3,0,306,749,279,612,333,749
9,4,0,316,750,281,618,352,750
9,5,0,1448,778,1414,675,1482,778
9,6,0,1529,856,1486,736,1572,856
10,1,0,1039,1025,1001,822,1077,1025
10,2,0,832,813,804,657,861,813
10,3,0,309,750,280,612,338,750
10,5,0,1448,778,1414,675,1482,778
10,6,0,1528,857,1486,736,1571,857
11,1,0,1039,1025,1001,822,1077,1025
11,2,0,835,813,807,657,863,813
11,3,0,310,750,280,613,341,750
11,5,0,1448,778,1414,675,1482,778
11,6,0,1528,857,1486,736,1571,857
11,7,0,1439,771,1414,676,1464,771
12,1,0,1039,1026,1002,822,1076,1026
12,2,0,837,813,810,657,865,813
12,3,0,311,750,280,614,342,750
12,5,0,1448,778,1414,675,1482,778
12,6,0,1527,856,1486,736,1569,856
12,7,0,1439,771,1414,676,1464,771
13,1,0,1039,1026,1002,821,1077,1026
13,2,0,839,813,812,657,867,813
13,3,0,310,750,280,614,340,750
13,5,0,1448,777,1414,674,1482,777
13,6,0,1527,855,1486,736,1568,855
13,7,0,1439,771,1414,676,1464,771
14,1,0,1039,1026,1002,822,1077,1026
14,2,0,842,815,814,658,871,815
14,3,0,310,749,280,613,340,749
14,5,0,1447,777,1414,674,1481,777
14,6,0,1527,856,1486,736,1569,856
14,7,0,1438,770,1414,676,1463,770
15,1,0,1039,1026,1002,822,1077,1026
15,2,0,845,819,816,658,875,819
15,3,0,309,749,279,614,339,749
15,5,0,1447,777,1414,674,1481,777
15,6,0,1528,856,1486,736,1570,856
15,7,0,1438,770,1414,676,1463,770
16,1,0,1039,1026,1002,822,1077,1026
16,2,0,847,817,818,658,876,817
16,3,0,309,748,280,615,339,748
16,5,0,1448,777,1415,674,1481,777
16,6,0,1527,856,1486,736,1569,856
16,7,0,1438,770,1414,676,1462,770
17,1,0,1039,1026,1002,822,1077,1026
17,2,0,847,816,817,659,877,816
17,3,0,310,748,279,614,341,748
17,5,0,1448,777,1415,674,1481,777
17,6,0,1528,856,1486,736,1570,856
17,7,0,1438,770,1414,676,1462,770
18,1,0,1039,1026,1002,822,1077,1026
18,2,0,848,818,819,659,877,818
18,3,0,311,748,278,613,344,748
18,5,0,1447,778,1414,673,1481,778
18,6,0,1528,855,1487,736,1569,855
18,7,0,1438,771,1414,675,1463,771
19,1,0,1039,1026,1002,822,1077,1026
19,2,0,849,819,822,660,877,819
19,3,0,311,747,277,614,345,747
19,5,0,1447,779,1415,672,1480,779
19,6,0,1527,855,1487,736,1568,855
19,7,0,1438,770,1414,674,1463,770
20,1,0,1039,1025,1002,822,1077,1025
20,2,0,850,818,824,662,876,818
20,5,0,1447,780,1415,671,1480,780
20,6,0,1528,855,1487,736,1569,855
20,7,0,1438,771,1415,672,1462,771
20,4,0,315,749,279,618,352,749
21,1,0,1039,1026,1002,822,1077,1026
21,2,0,851,818,825,662,877,818
21,5,0,1447,781,1415,670,1480,781
21,6,0,1527,855,1486,736,1569,855
21,7,0,1436,772,1415,671,1458,772
21,4,0,316,749,280,620,352,749
22,1,0,1039,1025,1002,822,1077,1025
22,2,0,852,819,826,662,879,819
22,5,0,1448,784,1416,667,1480,784
22,6,0,1528,856,1487,735,1570,856
22,7,0,1436,772,1416,668,1457,772
22,4,0,314,749,277,622,351,749
23,1,0,1039,1025,1001,822,1077,1025
23,2,0,853,818,828,662,879,818
23,5,0,1448,784,1417,666,1479,784
23,6,0,1528,856,1487,735,1570,856
23,7,0,1435,772,1416,666,1455,772
23,4,0,320,750,284,628,357,750
23,9,0,1455,783,1433,674,1478,783
24,1,0,1039,1025,1001,822,1078,1025
24,2,0,855,818,830,662,880,818
24,5,0,1448,783,1417,665,1479,783
24,6,0,1528,856,1487,734,1570,856
24,7,0,1438,772,1417,664,1460,772
24,4,0,321,750,281,630,361,750
24,9,0,1457,782,1437,674,1477,782
25,1,0,1039,1025,1001,822,1078,1025
25,2,0,856,818,832,661,881,818
25,5,0,1448,782,1418,663,1478,782
25,6,0,1529,857,1487,733,1571,857
25,7,0,1438,773,1417,662,1460,773
25,4,0,325,749,290,632,361,749
25,9,0,1451,779,1428,675,1475,779
26,1,0,1040,1025,1001,822,1079,1025
26,2,0,857,819,833,661,882,819
26,5,0,1446,782,1417,660,1476,782
26,6,0,1528,857,1487,733,1570,857
26,4,0,329,749,295,636,363,749
27,1,0,1041,1026,1002,822,1080,1026
27,2,0,858,821,833,662,884,821
27,5,0,1447,783,1418,659,1476,783
27,6,0,1527,856,1486,732,1568,856
27,4,0,330,748,298,640,363,748
27,11,0,973,521,951,459,995,521
28,1,0,1041,1026,1002,822,1080,1026
28,2,0,860,823,834,662,886,823
28,5,0,1449,784,1419,658,1479,784
28,6,0,1526,857,1485,732,1568,857
28,4,0,331,747,299,642,364,747
28,11,0,973,521,951,460,995,521
29,1,0,1041,1026,1002,821,1081,1026
29,2,0,860,822,834,662,887,822
29,5,0,1449,784,1419,656,1480,784
29,6,0,1527,857,1485,732,1570,857
29,4,0,333,748,300,641,366,748
29,11,0,973,521,951,460,995,521
30,1,0,1041,1026,1002,821,1081,1026
30,2,0,861,821,834,663,888,821
30,5,0,1450,784,1419,653,1481,784
30,6,0,1527,857,1485,732,1569,857
30,4,0,333,748,299,635,368,748
30,11,0,973,521,951,460,995,521
31,1,0,1041,1026,1002,822,1081,1026
31,2,0,861,821,834,663,888,821
31,5,0,1449,783,1419,651,1480,783
31,6,0,1528,857,1486,732,1570,857
31,4,0,332,747,298,630,367,747
31,11,0,973,521,951,460,995,521
32,1,0,1041,1026,1002,821,1081,1026
32,2,0,862,823,835,663,890,823
32,5,0,1451,784,1418,649,1484,784
32,6,0,1528,857,1486,733,1571,857
32,4,0,329,746,298,627,360,746
32,11,0,973,521,951,460,995,521
32,7,0,1440,780,1416,651,1465,780
33,1,0,1041,1026,1002,821,1081,1026
33,2,0,863,822,836,664,890,822
33,5,0,1449,783,1417,648,1481,783
33,6,0,1530,858,1486,733,1575,858
33,4,0,329,744,299,620,360,744
33,11,0,973,521,951,460,996,521
34,1,0,1041,1026,1002,820,1081,1026
34,2,0,863,824,836,665,891,824
34,5,0,1447,784,1416,645,1479,784
34,6,0,1534,858,1485,734,1584,858
34,4,0,330,744,300,609,361,744
34,11,0,974,521,952,460,996,521
35,1,0,1041,1026,1002,821,1081,1026
35,2,0,864,827,837,666,892,827
35,5,0,1444,784,1415,642,1474,784
35,6,0,1536,858,1485,734,1587,858
35,4,0,330,744,300,605,360,744
35,11,0,974,521,952,460,996,521
36,1,0,1041,1026,1002,821,1081,1026
36,2,0,864,828,837,666,892,828
36,6,0,1533,858,1482,735,1585,858
36,4,0,331,743,303,603,360,743
36,11,0,974,521,952,461,997,521
36,7,0,1439,778,1415,641,1463,778
37,1,0,1041,1026,1001,821,1081,1026
37,2,0,865,829,838,667,893,829
37,6,0,1530,858,1478,735,1583,858
37,4,0,336,741,312,601,360,741
37,11,0,974,521,952,461,997,521
37,7,0,1439,777,1415,638,1463,777
38,1,0,1041,1026,1001,821,1081,1026
38,2,0,866,832,839,668,894,832
38,6,0,1528,858,1475,735,1581,858
38,4,0,342,737,322,596,363,737
38,11,0,974,521,952,461,997,521
38,7,0,1437,774,1413,636,1462,774
39,1,0,1041,1026,1001,820,1081,1026
39,2,0,867,833,840,668,895,833
39,6,0,1527,858,1473,735,1581,858
39,4,0,347,739,330,595,365,739
39,11,0,975,521,953,461,997,521
39,7,0,1436,773,1412,634,1461,773
40,1,0,1041,1026,1001,820,1081,1026
40,2,0,868,832,842,669,895,832
40,6,0,1528,859,1475,735,1581,859
40,4,0,356,740,334,598,378,740
40,11,0,975,521,953,461,997,521
40,7,0,1435,772,1412,633,1458,772
41,1,0,1040,1025,1000,820,1081,1025
41,2,0,869,833,843,669,896,833
41,6,0,1526,858,1468,736,1585,858
41,4,0,356,741,339,606,374,741
41,11,0,975,521,953,461,997,521
41,7,0,1433,775,1410,633,1456,775
42,1,0,1040,1025,1000,819,1081,1025
42,2,0,870,833,844,668,897,833
42,6,0,1523,858,1463,735,1583,858
42,4,0,358,743,341,612,376,743
42,11,0,974,521,952,461,996,521
42,7,0,1432,772,1410,633,1454,772
43,1,0,1040,1025,1000,820,1080,1025
43,2,0,872,833,846,669,899,833
43,6,0,1524,858,1462,735,1587,858
43,4,0,362,743,344,608,381,743
43,11,0,974,521,952,461,996,521
43,7,0,1430,769,1408,634,1453,769
44,1,0,1039,1025,999,820,1080,1025
44,2,0,874,834,847,668,902,834
44,6,0,1525,859,1462,735,1589,859
44,4,0,369,749,347,602,391,749
44,11,0,975,521,953,461,997,521
44,7,0,1429,770,1407,635,1451,770
45,1,0,1039,1025,998,820,1080,1025
45,2,0,878,834,850,668,906,834
45,6,0,1529,859,1470,734,1588,859
45,4,0,373,752,349,604,398,752
45,11,0,975,521,953,461,997,521
45,7,0,1427,771,1405,638,1449,771
46,1,0,1039,1025,998,820,1080,1025
46,2,0,880,833,852,668,909,833
46,6,0,1531,860,1474,733,1588,860
46,4,0,379,756,353,608,405,756
46,11,0,975,521,953,461,997,521
46,7,0,1426,772,1404,640,1449,772
47,1,0,1039,1025,998,820,1080,1025
47,2,0,882,834,853,668,912,834
47,6,0,1531,860,1476,732,1587,860
47,4,0,385,760,354,607,417,760
47,11,0,974,520,953,461,996,520
47,7,0,1425,774,1402,643,1448,774
48,1,0,1039,1025,998,820,1080,1025
48,2,0,885,834,856,668,915,834
48,6,0,1530,860,1476,731,1585,860
48,4,0,388,759,355,616,421,759
48,11,0,975,520,953,461,997,520
48,7,0,1423,776,1400,646,1447,776
48,17,0,377,756,353,617,401,756
49,1,0,1039,1025,998,820,1080,1025
49,2,0,888,834,859,668,917,834
49,6,0,1524,860,1466,730,1583,860
49,11,0,975,521,953,461,997,521
49,7,0,1422,776,1397,648,1448,776
49,17,0,379,756,355,620,403,756
50,1,0,1039,1025,998,820,1081,1025
50,2,0,890,835,861,668,920,835
50,6,0,1523,860,1464,729,1583,860
50,11,0,975,521,953,461,997,521
50,7,0,1422,776,1395,648,1450,776
50,17,0,382,756,357,625,408,756
51,1,0,1040,1025,998,820,1082,1025
51,2,0,892,836,863,668,921,836
51,6,0,1520,859,1463,727,1578,859
51,11,0,975,521,953,461,997,521
51,7,0,1422,776,1393,648,1451,776
51,17,0,384,757,360,626,409,757
51,19,0,1537,858,1502,752,1572,858
52,1,0,1041,1025,998,820,1084,1025
52,2,0,893,835,865,668,922,835
52,6,0,1519,860,1464,725,1574,860
52,11,0,975,521,953,461,997,521
52,7,0,1422,776,1392,648,1452,776
52,17,0,386,757,363,625,410,757
53,1,0,1042,1025,998,820,1086,1025
53,2,0,897,834,866,668,929,834
53,6,0,1517,860,1464,724,1571,860
53,11,0,975,521,953,462,998,521
53,7,0,1422,778,1390,646,1455,778
53,17,0,387,755,366,624,409,755
53,9,0,1411,765,1390,645,1432,765
54,1,0,1042,1026,998,820,1086,1026
54,2,0,896,833,867,668,925,833
54,6,0,1517,860,1466,723,1568,860
54,11,0,975,519,953,462,998,519
54,7,0,1421,779,1387,646,1455,779
54,17,0,390,753,371,624,410,753
54,4,0,400,755,373,623,427,755
55,1,0,1042,1026,998,820,1086,1026
55,2,0,896,833,868,668,924,833
55,6,0,1515,860,1465,723,1565,860
55,11,0,975,519,953,463,998,519
55,7,0,1416,776,1380,643,1452,776
55,17,0,393,753,374,622,413,753
55,4,0,403,755,376,622,430,755
56,1,0,1042,1026,998,819,1086,1026
56,2,0,897,832,869,668,925,832
56,6,0,1511,859,1461,723,1561,859
56,11,0,975,519,953,463,998,519
56,7,0,1405,772,1365,645,1446,772
56,17,0,396,755,375,621,417,755
56,4,0,407,760,377,621,438,760
57,1,0,1041,1027,998,819,1085,1027
57,2,0,897,832,870,668,925,832
57,6,0,1505,858,1456,723,1554,858
57,11,0,976,519,954,463,998,519
57,7,0,1396,768,1354,646,1439,768
57,17,0,397,756,376,621,418,756
57,4,0,412,766,379,621,445,766
58,1,0,1041,1027,998,819,1084,1027
58,2,0,897,833,870,668,925,833
58,6,0,1503,858,1454,722,1552,858
58,11,0,976,519,954,463,998,519
58,7,0,1395,765,1358,648,1433,765
58,17,0,398,759,377,621,420,759
58,4,0,414,766,380,621,448,766
59,1,0,1040,1027,998,819,1082,1027
59,2,0,898,833,872,668,925,833
59,6,0,1502,858,1456,722,1549,858
59,11,0,976,519,954,462,998,519
59,7,0,1380,764,1335,646,1426,764
59,17,0,399,760,377,623,422,760
59,4,0,414,765,379,621,449,765
60,1,0,1039,1027,998,818,1080,1027
60,2,0,899,833,873,668,925,833
60,6,0,1499,859,1452,719,1546,859
60,11,0,976,519,954,462,998,519
60,7,0,1373,764,1323,646,1423,764
60,17,0,403,761,378,624,429,761
61,1,0,1037,1026,997,819,1078,1026
61,2,0,899,832,874,668,925,832
61,6,0,1494,859,1448,716,1541,859
61,11,0,976,519,954,462,998,519
61,7,0,1370,763,1315,646,1425,763
61,17,0,403,760,378,626,429,760
62,1,0,1037,1026,997,819,1077,1026
62,2,0,901,832,877,668,926,832
62,6,0,1489,859,1444,714,1535,859
62,11,0,976,519,954,462,998,519
62,7,0,1366,763,1309,644,1423,763
62,17,0,404,758,379,626,430,758
63,1,0,1035,1026,996,820,1075,1026
63,2,0,904,830,881,668,928,830
63,6,0,1483,859,1438,712,1528,859
63,11,0,976,519,954,462,998,519
63,7,0,1361,761,1304,643,1419,761
63,17,0,405,758,379,625,431,758
64,1,0,1034,1026,995,820,1074,1026
64,2,0,908,830,885,668,931,830
64,6,0,1478,859,1434,710,1522,859
64,11,0,976,519,954,462,998,519
64,7,0,1357,758,1300,642,1415,758
64,17,0,407,758,380,625,434,758
65,1,0,1033,1026,993,820,1073,1026
65,2,0,911,832,888,668,935,832
65,6,0,1474,858,1428,708,1520,858
65,11,0,976,519,954,462,998,519
65,7,0,1352,753,1297,641,1407,753
65,17,0,409,759,382,624,437,759
66,1,0,1032,1026,992,820,1072,1026
66,2,0,913,833,890,667,937,833
66,6,0,1467,856,1422,706,1512,856
66,11,0,976,519,954,462,998,519
66,7,0,1340,739,1295,642,1385,739
66,17,0,411,759,385,626,438,759
67,1,0,1031,1026,992,819,1071,1026
67,2,0,915,835,891,667,939,835
67,6,0,1461,854,1417,706,1505,854
67,11,0,976,519,954,462,998,519
67,7,0,1334,748,1290,643,1379,748
67,17,0,411,759,386,625,437,759
68,1,0,1030,1026,991,819,1070,1026
68,2,0,915,834,891,668,939,834
68,6,0,1448,843,1412,702,1485,843
68,11,0,976,519,954,463,998,519
68,7,0,1325,749,1280,641,1371,749
68,17,0,412,758,387,626,437,758
69,1,0,1029,1026,990,821,1068,1026
69,2,0,916,833,892,670,940,833
69,6,0,1444,843,1405,701,1483,843
69,11,0,976,518,953,462,999,518
69,7,0,1317,747,1269,642,1366,747
69,17,0,412,758,388,627,437,758
70,1,0,1028,1026,989,821,1067,1026
70,2,0,916,833,893,672,940,833
70,6,0,1436,845,1393,699,1479,845
70,11,0,976,518,953,462,999,518
70,7,0,1310,748,1259,641,1361,748
70,17,0,412,757,388,628,437,757
71,1,0,1026,1026,987,821,1066,1026
71,2,0,916,833,893,674,940,833
71,6,0,1431,844,1388,696,1474,844
71,11,0,975,518,952,462,999,518
71,7,0,1303,747,1248,641,1358,747
71,17,0,412,755,388,629,437,755
72,1,0,1025,1026,985,821,1065,1026
72,2,0,918,834,893,673,943,834
72,6,0,1424,845,1380,693,1469,845
72,11,0,976,518,953,462,1000,518
72,7,0,1299,746,1244,640,1354,746
72,17,0,413,752,388,630,438,752
73,1,0,1024,1026,984,818,1065,1026
73,2,0,919,835,893,674,946,835
73,6,0,1418,841,1372,690,1465,841
73,11,0,976,547,952,462,1001,547
73,7,0,1293,745,1234,640,1352,745
73,17,0,412,753,388,634,437,753
74,1,0,1023,1026,982,819,1065,1026
74,2,0,920,834,893,674,948,834
74,6,0,1412,838,1365,689,1460,838
74,11,0,977,582,952,462,1002,582
74,7,0,1279,745,1226,642,1333,745
74,17,0,413,756,387,637,439,756
75,1,0,1022,1026,981,820,1064,1026
75,2,0,921,833,891,673,952,833
75,6,0,1404,837,1355,688,1453,837
75,7,0,1266,740,1217,642,1315,740
75,17,0,413,757,387,641,439,757
76,1,0,1022,1026,980,820,1064,1026
76,2,0,919,833,890,673,948,833
76,6,0,1391,836,1343,687,1439,836
76,7,0,1256,735,1208,643,1304,735
76,17,0,413,758,386,643,441,758
77,1,0,1021,1026,979,820,1064,1026
77,2,0,917,832,889,671,946,832
77,6,0,1375,832,1329,686,1421,832
77,7,0,1243,723,1200,643,1287,723
77,17,0,414,758,386,644,442,758
78,1,0,1021,1026,978,820,1064,1026
78,2,0,916,830,888,669,945,830
78,6,0,1368,830,1326,684,1410,830
78,7,0,1228,720,1192,641,1264,720
78,17,0,415,758,387,643,444,758
79,1,0,1019,1026,977,821,1062,1026
79,2,0,916,828,887,666,946,828
79,6,0,1362,831,1318,682,1407,831
79,7,0,1229,728,1183,642,1275,728
79,17,0,418,757,390,643,446,757
80,1,0,1018,1025,976,821,1060,1025
80,2,0,915,828,886,665,945,828
80,6,0,1356,833,1310,678,1402,833
80,7,0,1224,732,1172,643,1276,732
80,17,0,420,756,393,643,447,756
81,1,0,1016,1026,974,820,1059,1026
81,2,0,915,830,886,664,944,830
81,6,0,1347,831,1299,676,1396,831
81,7,0,1219,732,1163,643,1276,732
81,17,0,422,756,395,644,450,756
82,1,0,1016,1025,973,821,1059,1025
82,2,0,913,829,885,663,942,829
82,6,0,1329,827,1269,674,1389,827
82,7,0,1212,732,1151,644,1274,732
82,17,0,425,757,397,643,454,757
83,1,0,1015,1026,972,821,1058,1026
83,2,0,913,824,885,661,942,824
83,6,0,1319,826,1254,674,1385,826
83,7,0,1202,732,1144,645,1260,732
83,17,0,429,758,402,644,456,758
84,1,0,1013,1026,970,822,1057,1026
84,2,0,913,821,886,661,941,821
84,6,0,1316,820,1264,672,1369,820
84,7,0,1190,732,1136,646,1245,732
84,17,0,435,759,411,643,460,759
84,33,0,1174,730,1138,645,1210,730
85,1,0,1012,1026,970,823,1055,1026
85,2,0,914,818,887,659,941,818
85,6,0,1310,820,1263,672,1357,820
85,17,0,442,764,419,644,465,764
85,33,0,1170,729,1134,645,1206,729
85,4,0,462,784,422,644,502,784
86,1,0,1011,1026,969,824,1053,1026
86,2,0,915,817,888,657,942,817
86,6,0,1299,816,1259,672,1339,816
86,17,0,446,764,422,644,470,764
86,33,0,1163,733,1125,641,1201,733
86,4,0,458,777,423,645,494,777
87,1,0,1010,1027,969,825,1051,1027
87,2,0,915,816,889,655,942,816
87,6,0,1285,814,1256,668,1314,814
87,17,0,452,768,426,644,478,768
87,33,0,1157,735,1118,637,1197,735
87,4,0,462,777,427,646,498,777
88,1,0,1008,1027,968,825,1049,1027
88,2,0,916,815,890,653,942,815
88,6,0,1277,814,1249,666,1305,814
88,33,0,1151,734,1111,631,1192,734
88,4,0,462,766,429,644,496,766
89,1,0,1006,1028,966,825,1047,1028
89,2,0,917,814,890,651,944,814
89,6,0,1269,812,1241,665,1297,812
89,33,0,1147,736,1107,631,1187,736
89,4,0,465,767,430,643,501,767
89,7,0,1162,739,1106,633,1219,739
90,1,0,1005,1027,965,827,1045,1027
90,2,0,917,813,890,648,944,813
90,6,0,1264,812,1232,663,1297,812
90,33,0,1142,731,1105,632,1179,731
90,4,0,468,763,431,644,505,763
90,7,0,1159,733,1103,628,1216,733
91,1,0,1004,1028,964,828,1044,1028
91,2,0,918,813,889,646,947,813
91,6,0,1262,814,1223,660,1301,814
91,4,0,471,763,432,644,510,763
91,7,0,1157,730,1101,624,1213,730
92,1,0,1002,1028,962,829,1042,1028
92,2,0,918,813,888,646,949,813
92,6,0,1250,811,1215,657,1285,811
92,4,0,474,770,435,645,513,770
92,7,0,1153,730,1097,624,1210,730
93,1,0,1000,1028,960,830,1041,1028
93,2,0,921,813,888,646,955,813
93,6,0,1237,811,1208,653,1266,811
93,4,0,477,780,438,646,517,780
93,7,0,1147,728,1090,626,1205,728
94,1,0,998,1029,959,831,1038,1029
94,2,0,922,813,887,646,957,813
94,6,0,1228,811,1201,653,1255,811
94,4,0,480,782,440,647,520,782
94,7,0,1139,725,1085,633,1193,725
95,1,0,996,1029,958,831,1035,1029
95,2,0,920,813,886,647,955,813
95,6,0,1219,808,1191,655,1248,808
95,4,0,484,781,448,647,521,781
95,7,0,1131,722,1076,639,1186,722
95,33,0,1110,718,1075,641,1145,718
96,1,0,994,1029,956,832,1033,1029
96,2,0,918,811,885,648,952,811
96,6,0,1212,810,1180,657,1244,810
96,4,0,489,780,457,650,521,780
96,7,0,1117,720,1066,649,1169,720
96,33,0,1100,719,1067,651,1133,719
97,1,0,993,1029,954,832,1032,1029
97,2,0,917,808,883,648,952,808
97,6,0,1204,808,1170,657,1239,808
97,4,0,501,784,464,654,538,784
97,33,0,1088,715,1059,658,1118,715
98,1,0,990,1029,952,833,1029,1029
98,2,0,917,804,880,649,954,804
98,6,0,1188,800,1148,658,1228,800
98,4,0,506,786,470,658,542,786
98,7,0,1111,720,1054,657,1168,720
99,1,0,989,1029,951,833,1027,1029
99,2,0,915,803,876,650,955,803
99,6,0,1178,793,1138,661,1219,793
99,4,0,509,782,474,663,545,782
99,7,0,1109,720,1055,658,1164,720
100,1,0,987,1029,949,834,1025,1029
100,2,0,912,800,872,650,953,800
100,6,0,1174,790,1139,665,1209,790
100,4,0,519,791,480,665,558,791
100,33,0,1072,719,1048,670,1097,719
101,1,0,985,1028,947,834,1023,1028
101,2,0,908,801,868,650,949,801
101,6,0,1166,792,1131,666,1201,792
101,4,0,520,793,485,665,555,793
101,33,0,1070,720,1046,671,1095,720
102,1,0,984,1028,946,834,1022,1028
102,2,0,905,800,864,652,946,800
102,6,0,1153,786,1113,668,1193,786
102,4,0,528,799,489,665,567,799
102,33,0,1070,720,1047,671,1094,720
103,1,0,983,1027,945,834,1022,1027
103,2,0,902,800,859,653,946,800
103,6,0,1149,793,1111,670,1187,793
103,4,0,527,797,493,665,561,797
103,33,0,1069,721,1046,670,1093,721
104,1,0,982,1027,944,834,1021,1027
104,2,0,899,797,853,654,946,797
104,6,0,1145,790,1113,672,1178,790
104,4,0,534,804,495,666,573,804
104,33,0,1069,720,1046,669,1093,720
105,1,0,981,1028,943,835,1020,1028
105,2,0,898,796,851,654,945,796
105,6,0,1134,801,1097,662,1172,801
105,4,0,534,801,498,667,570,801
105,33,0,1071,720,1048,668,1094,720
106,1,0,980,1027,942,835,1018,1027
106,2,0,893,800,844,653,943,800
106,6,0,1134,801,1102,670,1166,801
106,4,0,538,803,501,668,576,803
106,33,0,1072,719,1050,666,1094,719
107,1,0,979,1027,941,836,1017,1027
107,2,0,890,800,840,650,941,800
107,6,0,1130,802,1098,668,1163,802
107,4,0,543,804,509,672,577,804
107,33,0,1072,719,1050,666,1094,719
108,1,0,978,1027,940,838,1016,1027
108,2,0,887,799,837,648,938,799
108,6,0,1131,801,1101,658,1161,801
108,4,0,550,810,512,673,588,810
108,33,0,1072,718,1050,666,1095,718
108,44,0,541,807,514,673,568,807
109,1,0,975,1028,938,838,1013,1028
109,2,0,882,796,832,647,932,796
109,6,0,1132,800,1106,662,1159,800
109,4,0,553,812,517,675,590,812
109,33,0,1074,717,1051,665,1097,717
110,1,0,973,1028,935,838,1011,1028
110,2,0,878,796,829,647,928,796
110,6,0,1136,797,1110,664,1162,797
110,4,0,561,821,520,676,603,821
110,33,0,1076,717,1051,665,1102,717
111,1,0,970,1028,932,838,1009,1028
111,2,0,872,795,825,647,919,795
111,6,0,1137,797,1110,664,1164,797
111,4,0,567,822,523,676,611,822
111,33,0,1078,716,1053,663,1103,716
112,1,0,968,1029,929,839,1008,1029
112,2,0,865,797,819,647,911,797
112,6,0,1134,798,1107,659,1162,798
112,4,0,563,816,526,678,601,816
112,33,0,1078,716,1054,662,1103,716
113,1,0,966,1029,926,840,1007,1029
113,2,0,852,797,810,646,894,797
113,6,0,1133,799,1096,660,1170,799
113,4,0,570,820,531,681,610,820
113,33,0,1082,717,1054,660,1110,717
114,1,0,963,1029,922,840,1005,1029
114,2,0,841,792,801,645,881,792
114,6,0,1135,800,1097,662,1174,800
114,4,0,574,824,534,683,615,824
114,33,0,1085,717,1054,658,1116,717
114,48,0,561,819,532,683,591,819
115,1,0,962,1029,920,841,1004,1029
115,2,0,838,792,794,643,882,792
115,6,0,1124,798,1071,660,1178,798
115,4,0,577,824,538,685,616,824
115,33,0,1084,717,1054,658,1115,717
115,48,0,563,821,535,685,591,821
116,1,0,961,1029,919,841,1003,1029
116,2,0,832,795,787,641,878,795
116,6,0,1121,795,1065,657,1178,795
116,4,0,579,828,541,687,618,828
116,48,0,565,824,538,688,592,824
117,1,0,959,1028,918,841,1000,1028
117,2,0,829,796,781,640,877,796
117,6,0,1121,803,1065,660,1178,803
117,48,0,571,827,542,690,601,827
118,1,0,956,1028,916,842,997,1028
118,2,0,825,796,776,640,874,796
118,6,0,1126,814,1073,665,1180,814
118,48,0,575,828,545,693,605,828
119,1,0,953,1028,913,843,993,1028
119,2,0,820,791,773,639,867,791
119,6,0,1127,815,1070,664,1184,815
119,48,0,574,826,546,695,603,826
120,1,0,949,1028,909,843,990,1028
120,2,0,815,789,771,640,860,789
120,6,0,1133,817,1082,663,1184,817
120,48,0,576,826,548,697,604,826
121,1,0,945,1028,905,842,986,1028
121,2,0,802,788,769,640,836,788
121,6,0,1142,819,1100,661,1185,819
121,48,0,575,827,549,698,602,827
122,1,0,943,1028,902,841,984,1028
122,2,0,794,788,767,640,822,788
122,6,0,1147,819,1109,667,1185,819
122,48,0,575,831,549,699,602,831
123,1,0,939,1029,898,841,981,1029
123,2,0,786,790,762,640,811,790
123,6,0,1149,819,1111,655,1187,819
123,48,0,575,837,549,699,602,837
124,1,0,937,1028,896,841,978,1028
124,2,0,779,791,752,639,806,791
124,6,0,1150,819,1114,654,1186,819
124,48,0,576,844,549,701,604,844
125,1,0,934,1029,893,842,975,1029
125,2,0,780,794,742,639,818,794
125,6,0,1135,820,1090,652,1181,820
125,48,0,586,850,549,702,623,850
126,1,0,931,1029,889,842,974,1029
126,2,0,773,795,731,639,815,795
126,6,0,1144,821,1107,651,1181,821
126,48,0,591,854,548,703,634,854
127,1,0,929,1029,886,843,972,1029
127,2,0,764,791,724,639,804,791
127,6,0,1150,821,1116,633,1184,821
127,48,0,593,858,548,704,639,858
128,1,0,926,1029,882,843,971,1029
128,2,0,759,791,718,640,800,791
128,6,0,1140,822,1093,639,1187,822
128,48,0,594,859,548,705,641,859
129,1,0,924,1029,879,842,970,1029
129,2,0,761,793,714,641,808,793
129,6,0,1139,825,1088,640,1190,825
129,48,0,592,860,546,705,639,860
130,1,0,923,1029,876,842,970,1029
130,2,0,753,786,711,643,796,786
130,6,0,1140,822,1088,640,1193,822
130,48,0,592,861,546,705,639,861
131,1,0,921,1029,873,842,970,1029
131,2,0,746,777,708,645,784,777
131,6,0,1150,816,1105,643,1196,816
131,48,0,592,862,545,705,640,862
132,1,0,921,1029,872,842,970,1029
132,2,0,744,782,707,646,782,782
132,6,0,1156,819,1112,645,1200,819
132,48,0,591,861,546,704,637,861
132,58,0,573,855,544,701,603,855
133,1,0,921,1029,872,842,970,1029
133,2,0,735,779,703,646,768,779
133,6,0,1158,828,1110,642,1207,828
133,48,0,588,861,546,703,630,861
133,58,0,571,855,545,703,598,855
134,1,0,921,1028,872,842,970,1028
134,2,0,732,785,692,646,773,785
134,6,0,1163,834,1110,659,1217,834
134,58,0,570,856,545,701,596,856
135,1,0,921,1028,873,842,970,1028
135,2,0,719,784,682,647,757,784
135,6,0,1168,840,1112,680,1225,840
135,58,0,571,855,547,699,595,855
135,60,0,1130,723,1104,633,1157,723
136,1,0,922,1028,874,842,971,1028
136,2,0,716,786,671,647,762,786
136,6,0,1176,852,1115,692,1238,852
136,58,0,572,852,548,698,596,852
136,60,0,1131,724,1104,631,1158,724
137,1,0,923,1028,876,842,971,1028
137,2,0,702,786,661,647,744,786
137,6,0,1190,860,1128,719,1253,860
137,58,0,573,853,548,698,598,853
137,60,0,1139,730,1103,625,1176,730
138,1,0,925,1028,878,842,972,1028
138,2,0,693,786,652,647,734,786
138,6,0,1200,862,1136,740,1264,862
138,58,0,573,851,548,699,599,851
138,60,0,1140,732,1101,621,1180,732
138,63,0,1171,860,1135,745,1207,860
139,1,0,926,1028,880,841,972,1028
139,2,0,697,790,647,647,747,790
139,6,0,1203,867,1133,754,1274,867
139,58,0,576,856,549,702,604,856
139,60,0,1139,733,1099,617,1180,733
139,63,0,1175,862,1131,752,1220,862
140,1,0,926,1027,880,841,972,1027
140,2,0,690,789,644,647,736,789
140,6,0,1205,869,1137,764,1273,869
140,58,0,579,861,549,704,609,861
140,60,0,1138,735,1098,611,1179,735
140,48,0,594,867,549,706,639,867
141,1,0,926,1027,880,841,972,1027
141,2,0,692,792,643,647,742,792
141,6,0,1201,865,1136,771,1266,865
141,58,0,579,865,549,707,610,865
141,60,0,1132,733,1096,608,1168,733
141,48,0,592,869,549,708,636,869
142,1,0,926,1028,881,841,971,1028
142,2,0,690,791,642,646,738,791
142,6,0,1199,877,1142,781,1257,877
142,58,0,580,869,549,708,611,869
142,60,0,1124,729,1094,607,1155,729
143,1,0,925,1028,881,841,970,1028
143,2,0,684,788,641,646,728,788
143,6,0,1197,881,1137,790,1258,881
143,58,0,579,870,548,711,610,870
143,60,0,1124,730,1092,607,1157,730
143,63,0,1190,876,1146,790,1234,876
144,1,0,925,1028,881,842,970,1028
144,2,0,682,788,643,644,721,788
144,6,0,1195,882,1137,799,1254,882
144,58,0,579,870,550,712,608,870
144,60,0,1120,727,1091,607,1149,727
145,1,0,925,1028,881,842,969,1028
145,2,0,681,787,643,643,719,787
145,6,0,1184,881,1124,805,1245,881
145,58,0,579,867,552,713,606,867
145,60,0,1116,728,1088,607,1144,728
145,63,0,1195,881,1153,804,1238,881
146,1,0,925,1028,881,842,969,1028
146,2,0,676,787,642,643,710,787
146,6,0,1179,886,1114,809,1245,886
146,58,0,579,869,554,714,605,869
146,60,0,1114,729,1087,607,1141,729
146,63,0,1198,887,1153,809,1243,887
147,1,0,924,1028,880,842,968,1028
147,2,0,669,785,640,643,699,785
147,6,0,1175,892,1106,810,1244,892
147,58,0,580,870,554,715,606,870
147,60,0,1110,730,1085,608,1135,730
147,63,0,1199,890,1156,811,1242,890
148,1,0,924,1028,880,842,968,1028
148,2,0,663,787,637,642,689,787
148,6,0,1175,896,1108,811,1243,896
148,58,0,581,872,555,717,608,872
148,60,0,1105,734,1083,607,1128,734
148,63,0,1201,895,1159,811,1244,895
149,1,0,924,1028,880,842,968,1028
149,2,0,657,787,632,641,682,787
149,6,0,1177,895,1111,811,1243,895
149,58,0,582,875,555,717,610,875
149,60,0,1102,735,1079,606,1126,735
149,63,0,1201,896,1158,812,1244,896
149,65,0,667,792,635,642,699,792
149,48,0,601,877,555,717,648,877
150,1,0,923,1028,879,842,967,1028
150,2,0,650,789,623,641,677,789
150,6,0,1180,897,1118,810,1242,897
150,58,0,583,877,555,717,612,877
150,60,0,1099,734,1075,606,1124,734
150,63,0,1205,897,1166,812,1244,897
150,48,0,601,879,555,717,648,879
151,1,0,922,1027,878,842,967,1027
151,2,0,643,791,613,640,673,791
151,6,0,1182,897,1122,810,1243,897
151,58,0,583,878,555,716,612,878
151,60,0,1097,734,1069,607,1125,734
151,48,0,599,880,555,717,644,880
152,1,0,922,1027,878,842,967,1027
152,2,0,635,791,604,641,667,791
152,6,0,1184,897,1127,810,1241,897
152,58,0,583,879,555,717,611,879
152,60,0,1093,736,1060,607,1127,736
152,48,0,606,882,554,718,658,882
153,1,0,922,1027,878,842,967,1027
153,2,0,634,793,596,641,672,793
153,6,0,1185,897,1130,809,1240,897
153,58,0,586,881,555,720,617,881
153,60,0,1093,737,1054,609,1132,737
153,48,0,609,884,554,720,665,884
154,1,0,922,1027,877,842,967,1027
154,2,0,632,795,589,642,675,795
154,6,0,1189,897,1139,809,1240,897
154,60,0,1094,738,1050,611,1138,738
154,48,0,611,886,555,718,668,886
155,1,0,922,1027,877,842,967,1027
155,2,0,628,795,585,642,671,795
155,6,0,1194,897,1149,808,1240,897
155,60,0,1093,739,1050,614,1137,739
155,48,0,611,886,555,718,668,886
156,1,0,922,1026,877,842,967,1026
156,2,0,624,794,582,642,666,794
156,6,0,1199,897,1158,807,1241,897
156,60,0,1093,739,1059,614,1127,739
156,48,0,606,884,554,719,658,884
157,1,0,922,1027,877,842,967,1027
157,2,0,621,794,577,642,666,794
157,6,0,1202,897,1163,807,1241,897
157,60,0,1088,739,1059,617,1118,739
157,48,0,611,882,555,720,667,882
157,58,0,581,875,553,724,610,875
158,1,0,922,1027,877,842,968,1027
158,2,0,619,794,574,643,665,794
158,6,0,1203,896,1165,807,1241,896
158,60,0,1085,739,1056,615,1114,739
158,48,0,611,880,556,668,666,880
158,58,0,580,875,553,726,608,875
159,1,0,922,1027,877,842,968,1027
159,2,0,616,792,574,643,659,792
159,6,0,1203,896,1165,807,1241,896
159,60,0,1080,740,1054,612,1107,740
159,58,0,579,872,552,732,607,872
160,1,0,922,1027,877,842,968,1027
160,2,0,613,791,574,643,653,791
160,6,0,1203,896,1165,806,1242,896
160,60,0,1079,741,1053,615,1105,741
160,58,0,578,872,551,729,606,872
161,1,0,923,1027,878,842,968,1027
161,2,0,611,784,574,642,648,784
161,6,0,1204,897,1166,805,1242,897
161,60,0,1078,740,1054,618,1103,740
161,58,0,582,875,553,729,612,875
161,48,0,602,875,558,645,646,875
162,1,0,923,1027,878,842,968,1027
162,2,0,598,803,562,642,634,803
162,6,0,1204,895,1166,805,1242,895
162,60,0,1078,738,1053,622,1103,738
162,58,0,586,877,554,727,619,877
162,70,0,1091,739,1054,624,1129,739
162,48,0,594,875,554,642,634,875
163,1,0,924,1027,879,842,969,1027
163,2,0,594,796,561,642,628,796
163,6,0,1204,894,1166,803,1242,894
163,60,0,1087,741,1051,625,1124,741
163,58,0,584,876,555,731,614,876
163,70,0,1085,738,1053,626,1118,738
163,48,0,591,876,553,642,630,876
164,1,0,924,1027,879,842,969,1027
164,2,0,595,782,567,642,623,782
164,6,0,1205,894,1167,802,1243,894
164,60,0,1088,745,1049,626,1127,745
164,58,0,584,878,555,734,614,878
164,70,0,1076,738,1050,627,1103,738
164,48,0,593,862,561,641,625,862
165,1,0,924,1027,880,843,968,1027
165,2,0,590,788,559,644,621,788
165,6,0,1205,893,1166,800,1244,893
165,58,0,582,877,555,721,610,877
165,70,0,1071,740,1047,627,1095,740
165,48,0,598,875,556,643,641,875
166,1,0,924,1027,880,843,968,1027
166,2,0,595,785,557,647,633,785
166,6,0,1205,891,1165,799,1245,891
166,58,0,586,878,555,716,617,878
166,70,0,1065,745,1038,626,1093,745
166,48,0,593,877,555,645,631,877
167,1,0,924,1027,880,843,968,1027
167,2,0,597,778,564,648,631,778
167,6,0,1205,888,1164,796,1246,888
167,58,0,587,878,555,719,620,878
167,70,0,1057,743,1023,624,1092,743
167,48,0,599,879,556,694,643,879
168,1,0,924,1027,880,843,968,1027
168,2,0,599,777,567,651,631,777
168,6,0,1205,886,1164,794,1246,886
168,58,0,586,879,554,722,619,879
168,70,0,1058,743,1024,621,1092,743
168,48,0,603,881,556,664,651,881
169,1,0,924,1027,880,842,968,1027
169,2,0,607,784,568,653,647,784
169,6,0,1203,883,1162,793,1245,883
169,58,0,585,878,552,721,618,878
169,70,0,1064,741,1036,618,1092,741
169,48,0,604,880,554,657,655,880
170,1,0,924,1027,880,842,968,1027
170,2,0,609,787,567,654,652,787
170,6,0,1202,882,1160,792,1245,882
170,58,0,581,877,551,719,612,877
170,70,0,1067,742,1044,608,1091,742
170,48,0,605,879,553,654,657,879
170,60,0,1093,751,1047,606,1140,751
171,1,0,923,1027,880,842,967,1027
171,2,0,610,786,568,654,653,786
171,6,0,1203,881,1161,790,1245,881
171,58,0,580,877,551,724,609,877
171,70,0,1069,742,1047,599,1091,742
172,1,0,923,1027,880,842,967,1027
172,2,0,609,781,571,653,648,781
172,6,0,1204,879,1163,788,1245,879
172,58,0,581,877,551,722,611,877
172,70,0,1071,742,1049,596,1094,742
173,1,0,923,1027,880,842,967,1027
173,2,0,608,776,573,650,644,776
173,6,0,1204,878,1164,786,1245,878
173,58,0,584,877,552,718,616,877
173,70,0,1071,741,1050,594,1092,741
174,1,0,923,1027,880,842,966,1027
174,2,0,611,774,578,649,645,774
174,6,0,1204,877,1163,783,1245,877
174,58,0,583,877,553,719,614,877
174,70,0,1070,741,1051,594,1090,741
175,1,0,922,1027,879,842,965,1027
175,2,0,610,773,582,647,639,773
175,6,0,1203,876,1161,781,1245,876
175,58,0,583,877,553,713,614,877
175,70,0,1076,743,1052,584,1100,743
176,1,0,922,1027,879,842,965,1027
176,2,0,609,780,579,647,639,780
176,6,0,1203,876,1160,779,1246,876
176,58,0,583,878,552,715,615,878
176,70,0,1077,746,1051,577,1104,746
176,48,0,601,872,562,647,640,872
177,1,0,922,1027,879,842,965,1027
177,2,0,613,768,584,647,642,768
177,6,0,1202,877,1160,778,1245,877
177,58,0,587,879,555,714,619,879
177,70,0,1077,735,1051,577,1103,735
178,1,0,922,1027,879,842,966,1027
178,2,0,615,766,587,647,644,766
178,6,0,1202,877,1159,776,1245,877
178,58,0,589,879,556,714,623,879
178,70,0,1077,733,1052,570,1103,733
178,60,0,1076,752,1044,546,1108,752
179,1,0,922,1027,879,842,966,1027
179,2,0,620,763,590,648,651,763
179,6,0,1202,876,1160,774,1245,876
179,58,0,589,880,556,716,623,880
179,70,0,1076,731,1051,583,1102,731
180,1,0,922,1027,879,842,966,1027
180,2,0,622,764,590,649,655,764
180,6,0,1202,876,1160,772,1245,876
180,58,0,592,882,555,720,630,882
180,70,0,1077,732,1051,584,1104,732
181,1,0,922,1027,879,842,966,1027
181,2,0,624,762,591,651,657,762
181,6,0,1202,876,1160,771,1245,876
181,58,0,591,878,555,726,628,878
181,70,0,1074,735,1045,588,1103,735
182,1,0,922,1027,879,842,966,1027
182,2,0,625,768,591,652,659,768
182,6,0,1202,875,1160,770,1245,875
182,58,0,591,872,556,731,626,872
182,70,0,1073,734,1043,593,1103,734
183,1,0,922,1027,879,842,966,1027
183,2,0,626,770,591,652,662,770
183,6,0,1202,875,1160,769,1245,875
183,58,0,592,870,558,736,626,870
183,70,0,1072,740,1040,595,1104,740
184,1,0,922,1027,879,842,966,1027
184,2,0,627,771,593,652,662,771
184,6,0,1202,873,1160,769,1245,873
184,58,0,599,882,559,740,639,882
184,70,0,1074,740,1039,598,1109,740
185,1,0,922,1027,879,842,966,1027
185,2,0,628,772,594,652,662,772
185,6,0,1202,872,1160,768,1245,872
185,58,0,596,882,559,740,634,882
185,70,0,1076,741,1040,606,1113,741
185,48,0,607,886,558,737,657,886
186,1,0,922,1027,879,842,966,1027
186,2,0,628,772,595,653,661,772
186,6,0,1202,871,1160,768,1244,871
186,58,0,593,882,558,739,629,882
186,70,0,1078,741,1042,608,1114,741
187,1,0,922,1027,879,842,965,1027
187,2,0,628,779,596,653,660,779
187,6,0,1203,872,1161,768,1245,872
187,58,0,591,883,557,739,626,883
187,70,0,1079,742,1043,608,1115,742
188,1,0,922,1027,879,842,966,1027
188,2,0,627,780,598,653,657,780
188,6,0,1201,871,1160,768,1242,871
188,58,0,590,881,557,737,624,881
188,70,0,1076,742,1038,609,1115,742
189,1,0,922,1027,879,841,965,1027
189,2,0,626,771,598,651,654,771
189,6,0,1195,867,1160,767,1230,867
189,70,0,1079,743,1042,615,1116,743
189,48,0,605,881,558,731,652,881
190,1,0,921,1027,879,841,964,1027
190,2,0,627,778,600,649,654,778
190,6,0,1192,866,1160,767,1225,866
190,70,0,1082,741,1046,612,1119,741
190,48,0,603,880,555,728,651,880
190,58,0,589,879,555,727,624,879
191,1,0,921,1027,879,841,964,1027
191,2,0,626,782,598,648,655,782
191,6,0,1192,866,1160,767,1224,866
191,70,0,1086,740,1052,610,1121,740
191,58,0,590,879,552,720,628,879
192,1,0,921,1027,879,840,964,1027
192,2,0,631,789,594,648,669,789
192,6,0,1192,866,1161,768,1224,866
192,70,0,1091,741,1058,608,1124,741
192,58,0,591,879,550,715,632,879
193,1,0,921,1027,879,841,964,1027
193,2,0,633,793,592,648,675,793
193,6,0,1194,867,1162,768,1226,867
193,70,0,1094,740,1064,608,1125,740
193,58,0,589,879,546,710,632,879
194,1,0,921,1027,879,842,964,1027
194,2,0,633,793,589,647,678,793
194,6,0,1194,867,1162,769,1227,867
194,70,0,1097,741,1069,607,1126,741
194,58,0,579,875,542,707,616,875
195,1,0,921,1027,879,842,964,1027
195,2,0,629,790,587,646,672,790
195,6,0,1196,867,1164,768,1228,867
195,70,0,1100,740,1073,607,1128,740
195,58,0,573,868,538,701,608,868
196,1,0,921,1027,879,842,964,1027
196,2,0,625,788,586,645,664,788
196,6,0,1197,867,1167,768,1228,867
196,70,0,1103,740,1075,609,1132,740
196,58,0,568,864,533,692,603,864
197,1,0,921,1027,879,842,964,1027
197,2,0,629,790,588,644,670,790
197,6,0,1198,866,1168,767,1229,866
197,70,0,1108,740,1078,609,1138,740
197,58,0,564,862,529,676,600,862
198,1,0,921,1027,879,842,964,1027
198,2,0,629,791,588,643,671,791
198,6,0,1201,866,1170,765,1232,866
198,70,0,1110,740,1080,608,1140,740
198,58,0,560,863,525,665,596,863
198,87,0,616,785,587,643,645,785
199,1,0,921,1027,879,842,964,1027
199,2,0,632,793,588,642,677,793
199,6,0,1202,865,1170,764,1235,865
199,70,0,1112,740,1083,608,1141,740
199,58,0,555,865,521,659,590,865
199,87,0,618,789,587,643,650,789
200,1,0,921,1027,878,842,964,1027
200,2,0,634,794,587,642,681,794
200,6,0,1202,863,1171,761,1234,863
200,70,0,1114,740,1085,607,1143,740
200,58,0,549,863,515,658,584,863
200,87,0,621,792,588,643,654,792
201,1,0,921,1027,878,842,964,1027
201,2,0,635,797,587,643,684,797
201,6,0,1203,862,1172,757,1235,862
201,70,0,1116,739,1088,606,1144,739
201,58,0,544,865,509,654,579,865
201,87,0,621,794,587,644,655,794
202,1,0,921,1027,878,842,964,1027
202,2,0,637,799,589,645,686,799
202,6,0,1203,861,1172,752,1234,861
202,70,0,1119,738,1094,606,1145,738
202,58,0,542,864,506,642,578,864
202,87,0,622,796,587,646,658,796
203,1,0,921,1027,878,842,964,1027
203,2,0,637,799,588,647,686,799
203,6,0,1203,861,1172,746,1234,861
203,70,0,1123,738,1099,606,1147,738
203,58,0,543,868,503,644,584,868
203,87,0,622,796,587,647,657,796
203,90,0,1213,865,1170,746,1256,865
204,1,0,921,1027,878,842,964,1027
204,6,0,1202,861,1169,743,1236,861
204,70,0,1125,732,1102,605,1149,732
204,58,0,545,873,499,647,591,873
204,87,0,620,793,585,649,655,793
204,90,0,1210,867,1163,743,1257,867
205,1,0,921,1027,878,842,964,1027
205,6,0,1201,861,1167,742,1235,861
205,70,0,1127,730,1103,603,1151,730
205,58,0,546,873,496,652,596,873
205,87,0,617,792,581,651,653,792
206,1,0,921,1027,878,842,964,1027
206,6,0,1199,860,1165,739,1233,860
206,70,0,1128,730,1103,601,1153,730
206,58,0,543,867,492,658,594,867
206,87,0,614,795,578,653,651,795
207,1,0,920,1027,877,842,964,1027
207,6,0,1197,860,1162,737,1232,860
207,70,0,1130,731,1105,603,1156,731
207,58,0,539,864,489,662,589,864
207,87,0,612,799,575,654,650,799
207,90,0,1197,861,1147,735,1248,861
208,1,0,920,1027,877,842,964,1027
208,6,0,1197,860,1159,734,1235,860
208,70,0,1135,732,1110,604,1161,732
208,58,0,533,863,487,668,580,863
208,87,0,610,801,572,656,649,801
209,1,0,920,1027,877,842,963,1027
209,70,0,1140,735,1114,605,1167,735
209,58,0,529,862,484,679,575,862
209,87,0,607,804,569,658,646,804
209,90,0,1196,862,1146,730,1246,862
210,1,0,920,1027,877,842,963,1027
210,70,0,1141,736,1117,605,1166,736
210,58,0,527,863,484,695,570,863
210,87,0,605,806,567,660,644,806
210,90,0,1196,863,1148,719,1244,863
211,1,0,920,1027,877,842,963,1027
211,70,0,1144,736,1123,607,1166,736
211,58,0,521,863,485,705,558,863
211,87,0,603,810,563,663,643,810
211,90,0,1192,864,1141,710,1243,864
212,1,0,920,1027,877,842,963,1027
212,70,0,1147,736,1127,609,1168,736
212,58,0,515,863,484,708,547,863
212,87,0,604,813,563,665,646,813
212,90,0,1190,865,1137,711,1243,865
213,1,0,920,1028,877,842,963,1028
213,58,0,508,861,481,708,536,861
213,87,0,604,813,565,668,644,813
213,90,0,1186,865,1135,714,1237,865
213,102,0,1182,864,1130,618,1235,864
214,1,0,920,1028,877,842,963,1028
214,58,0,502,866,472,708,532,866
214,87,0,608,814,567,671,649,814
214,90,0,1184,866,1135,711,1233,866
214,102,0,1183,867,1132,619,1234,867
215,1,0,920,1028,877,842,964,1028
215,58,0,498,867,464,708,532,867
215,87,0,615,816,571,673,659,816
215,90,0,1181,865,1133,713,1230,865
215,102,0,1182,865,1133,620,1231,865
216,1,0,921,1028,878,842,964,1028
216,58,0,495,867,457,710,533,867
216,87,0,617,816,573,676,662,816
216,90,0,1180,865,1131,713,1229,865
216,102,0,1177,780,1132,619,1223,780
217,1,0,921,1028,878,842,965,1028
217,58,0,492,866,451,713,533,866
217,87,0,619,819,576,679,662,819
217,90,0,1179,864,1129,711,1229,864
217,102,0,1172,747,1131,618,1214,747
218,1,0,922,1028,879,843,966,1028
218,58,0,492,867,448,715,536,867
218,87,0,624,818,578,680,670,818
218,90,0,1175,861,1123,706,1227,861
218,70,0,1169,743,1141,616,1197,743
219,1,0,923,1028,880,842,967,1028
219,58,0,492,867,446,717,538,867
219,87,0,625,815,581,678,670,815
219,90,0,1171,862,1119,702,1224,862
219,70,0,1173,744,1144,616,1202,744
220,1,0,925,1029,881,842,969,1029
220,58,0,494,867,446,718,543,867
220,87,0,627,815,584,677,670,815
220,90,0,1166,863,1113,699,1219,863
220,70,0,1175,746,1144,616,1207,746
221,1,0,926,1029,882,843,970,1029
221,58,0,495,867,446,719,544,867
221,87,0,629,814,589,675,669,814
221,90,0,1156,853,1110,697,1202,853
221,70,0,1180,745,1147,616,1213,745
222,1,0,927,1028,883,843,971,1028
222,58,0,497,866,447,717,548,866
222,87,0,632,812,597,675,668,812
222,90,0,1148,849,1106,696,1191,849
222,70,0,1186,745,1153,613,1219,745
223,1,0,928,1028,884,843,972,1028
223,58,0,499,866,447,716,552,866
223,87,0,635,812,601,673,670,812
223,90,0,1140,849,1103,696,1178,849
223,70,0,1194,745,1163,611,1226,745
224,1,0,929,1028,886,843,973,1028
224,58,0,502,866,448,713,556,866
224,87,0,639,814,604,672,675,814
224,90,0,1133,851,1101,696,1166,851
224,70,0,1201,744,1170,611,1232,744
225,1,0,930,1028,887,843,974,1028
225,58,0,502,865,448,710,557,865
225,87,0,639,813,606,671,672,813
225,90,0,1132,855,1099,694,1165,855
225,70,0,1206,746,1175,608,1237,746
226,1,0,932,1028,889,843,975,1028
226,58,0,505,865,453,706,558,865
226,87,0,637,813,605,671,670,813
226,90,0,1130,858,1094,693,1166,858
226,70,0,1211,748,1180,607,1242,748
227,1,0,933,1028,891,843,976,1028
227,58,0,508,860,459,703,558,860
227,87,0,639,808,609,672,669,808
227,90,0,1134,860,1090,692,1178,860
227,70,0,1214,746,1183,607,1245,746
228,1,0,936,1028,894,843,978,1028
228,58,0,511,852,468,699,555,852
228,87,0,642,804,613,672,672,804
228,90,0,1133,861,1086,692,1180,861
228,70,0,1218,745,1188,607,1248,745
229,1,0,938,1027,896,843,980,1027
229,58,0,515,846,476,698,555,846
229,87,0,646,799,616,672,676,799
229,90,0,1128,862,1081,693,1176,862
229,70,0,1222,747,1193,609,1251,747
230,1,0,940,1027,899,843,982,1027
230,58,0,526,844,487,694,566,844
230,87,0,648,796,615,673,681,796
230,90,0,1123,861,1076,693,1171,861
230,70,0,1226,750,1199,611,1254,750
231,1,0,943,1027,902,843,984,1027
231,58,0,535,843,494,691,576,843
231,87,0,649,801,616,673,683,801
231,90,0,1120,861,1074,693,1167,861
231,70,0,1229,755,1202,614,1256,755
232,1,0,946,1027,905,843,987,1027
232,58,0,540,843,497,688,583,843
232,87,0,649,799,617,672,682,799
232,90,0,1114,859,1070,693,1159,859
232,70,0,1233,755,1208,616,1258,755
233,1,0,949,1027,909,843,989,1027
233,58,0,544,842,499,685,589,842
233,87,0,652,803,622,671,682,803
233,90,0,1111,857,1067,693,1155,857
233,70,0,1237,754,1212,619,1262,754
234,1,0,952,1028,912,843,993,1028
234,58,0,546,842,501,683,592,842
234,87,0,655,804,627,670,684,804
234,90,0,1110,857,1066,693,1155,857
234,70,0,1241,756,1217,623,1266,756
235,1,0,955,1028,915,843,996,1028
235,58,0,549,842,504,682,594,842
235,87,0,661,804,634,665,688,804
235,90,0,1108,855,1064,693,1153,855
235,70,0,1248,759,1221,626,1275,759
235,113,0,1259,761,1221,627,1298,761
236,1,0,957,1028,917,843,998,1028
236,58,0,551,840,507,683,595,840
236,87,0,665,804,635,662,696,804
236,90,0,1107,855,1063,692,1151,855
236,70,0,1255,758,1226,625,1284,758
237,1,0,961,1029,920,843,1002,1029
237,58,0,555,831,516,684,595,831
237,87,0,673,803,636,662,710,803
237,90,0,1105,856,1062,692,1149,856
237,70,0,1260,758,1230,625,1290,758
238,1,0,965,1028,922,843,1008,1028
238,58,0,561,821,529,686,594,821
238,87,0,677,801,638,662,717,801
238,90,0,1103,857,1058,692,1149,857
238,70,0,1263,761,1233,626,1294,761
239,1,0,967,1028,924,843,1011,1028
239,58,0,567,816,539,687,596,816
239,87,0,679,801,639,660,720,801
239,90,0,1101,858,1056,691,1147,858
239,70,0,1266,761,1234,625,1299,761
240,1,0,970,1028,927,843,1014,1028
240,58,0,572,816,544,688,600,816
240,87,0,681,802,641,660,722,802
240,90,0,1101,858,1054,691,1148,858
240,70,0,1269,761,1238,625,1300,761
241,1,0,973,1027,930,843,1017,1027
241,58,0,576,819,544,690,608,819
241,87,0,675,802,643,648,708,802
241,90,0,1102,859,1053,691,1151,859
241,113,0,1266,760,1235,623,1297,760
242,1,0,975,1028,933,843,1017,1028
242,58,0,580,819,544,690,617,819
242,87,0,675,801,646,642,704,801
242,90,0,1103,859,1052,690,1155,859
242,70,0,1274,761,1249,626,1300,761
243,1,0,977,1028,935,843,1019,1028
243,58,0,587,819,544,689,630,819
243,87,0,676,799,650,639,703,799
243,90,0,1105,860,1052,690,1159,860
243,70,0,1280,761,1257,625,1303,761
244,1,0,978,1028,937,843,1020,1028
244,58,0,590,819,544,686,637,819
244,87,0,679,797,655,635,703,797
244,90,0,1107,860,1053,690,1162,860
244,70,0,1287,762,1265,625,1309,762
245,1,0,979,1027,938,842,1021,1027
245,58,0,593,819,544,684,643,819
245,87,0,680,791,657,639,703,791
245,90,0,1108,861,1054,690,1163,861
245,70,0,1293,761,1267,626,1319,761
246,1,0,980,1027,939,841,1021,1027
246,58,0,595,818,544,683,647,818
246,87,0,683,786,659,642,707,786
246,90,0,1110,860,1057,690,1164,860
246,70,0,1300,762,1270,626,1330,762
247,1,0,981,1027,941,841,1021,1027
247,58,0,597,817,545,682,650,817
247,87,0,685,783,658,653,713,783
247,90,0,1112,860,1060,690,1165,860
247,70,0,1309,762,1278,627,1340,762
248,1,0,981,1027,942,841,1021,1027
248,58,0,608,816,556,682,660,816
248,87,0,685,780,657,660,714,780
248,90,0,1114,860,1063,691,1166,860
248,70,0,1314,764,1281,628,1348,764
249,1,0,983,1027,944,841,1022,1027
249,87,0,685,777,653,663,718,777
249,90,0,1114,859,1063,692,1165,859
249,70,0,1319,768,1283,629,1356,768
250,1,0,983,1027,945,841,1022,1027
250,87,0,675,800,631,661,719,800
250,90,0,1114,858,1065,694,1163,858
250,70,0,1325,771,1287,633,1363,771
250,116,0,642,510,621,428,663,510
251,1,0,984,1027,946,841,1023,1027
251,87,0,666,811,621,666,712,811
251,90,0,1112,856,1065,696,1160,856
251,70,0,1330,773,1293,636,1368,773
251,116,0,642,511,621,428,663,511
252,1,0,985,1027,947,841,1024,1027
252,87,0,665,814,616,661,714,814
252,90,0,1111,854,1066,697,1157,854
252,70,0,1332,774,1297,638,1367,774
252,116,0,642,511,621,427,663,511
253,1,0,986,1027,947,841,1026,1027
253,87,0,669,813,617,660,722,813
253,90,0,1111,854,1066,698,1157,854
253,70,0,1334,774,1302,639,1366,774
253,116,0,642,512,622,427,663,512
254,1,0,988,1028,948,839,1029,1028
254,87,0,675,815,621,660,730,815
254,90,0,1115,857,1067,698,1163,857
254,70,0,1333,775,1305,641,1362,775
254,116,0,642,512,622,428,662,512
255,1,0,990,1028,949,838,1031,1028
255,87,0,683,819,626,659,741,819
255,90,0,1121,857,1069,698,1173,857
255,70,0,1334,777,1307,641,1362,777
255,116,0,642,512,622,428,662,512
256,1,0,991,1028,951,836,1032,1028
256,87,0,689,820,631,666,748,820
256,90,0,1124,856,1068,698,1180,856
256,70,0,1337,777,1310,639,1364,777
256,116,0,642,512,622,428,663,512
257,1,0,993,1028,952,834,1034,1028
257,87,0,701,819,646,672,757,819
257,90,0,1129,853,1068,699,1190,853
257,70,0,1342,776,1317,637,1368,776
257,116,0,642,511,623,428,662,511
258,1,0,995,1028,954,833,1036,1028
258,87,0,717,817,668,675,767,817
258,90,0,1133,852,1065,700,1202,852
258,70,0,1345,775,1320,635,1370,775
258,116,0,642,512,622,428,662,512
259,1,0,997,1028,957,831,1038,1028
259,87,0,736,817,689,676,783,817
259,90,0,1139,853,1066,702,1212,853
259,70,0,1349,776,1325,636,1374,776
259,116,0,642,512,622,428,662,512
259,121,0,678,760,653,660,704,760
260,1,0,999,1028,958,830,1040,1028
260,87,0,748,817,702,677,794,817
260,90,0,1146,850,1076,703,1217,850
260,70,0,1353,776,1328,637,1378,776
260,116,0,642,512,622,428,662,512
260,121,0,679,760,655,661,703,760
261,1,0,1001,1027,960,829,1042,1027
261,87,0,758,816,715,677,801,816
261,90,0,1153,849,1087,704,1220,849
261,70,0,1359,777,1332,638,1386,777
261,116,0,641,512,621,428,662,512
261,121,0,680,764,657,664,704,764
262,1,0,1001,1026,960,828,1043,1026
262,87,0,765,817,724,677,806,817
262,90,0,1160,848,1098,702,1222,848
262,70,0,1369,782,1335,640,1404,782
262,116,0,642,510,622,428,662,510
262,121,0,679,766,654,666,705,766
263,1,0,1003,1026,962,827,1045,1026
263,87,0,768,815,726,672,811,815
263,90,0,1167,847,1112,701,1222,847
263,70,0,1374,784,1337,642,1411,784
263,116,0,641,511,621,428,662,511
263,121,0,680,767,653,666,708,767
264,1,0,1005,1025,964,826,1046,1025
264,87,0,776,815,732,671,821,815
264,90,0,1170,848,1118,696,1223,848
264,70,0,1376,785,1338,643,1415,785
264,116,0,641,511,621,428,662,511
264,121,0,684,768,653,667,715,768
265,1,0,1007,1027,966,826,1048,1027
265,87,0,783,813,739,669,828,813
265,90,0,1173,850,1122,691,1224,850
265,70,0,1380,786,1340,645,1420,786
265,116,0,642,510,622,428,662,510
265,121,0,685,768,652,667,718,768
266,1,0,1009,1026,968,826,1051,1026
266,87,0,790,811,746,668,834,811
266,90,0,1177,850,1128,689,1227,850
266,70,0,1382,787,1342,646,1422,787
266,116,0,641,510,621,428,662,510
266,121,0,685,768,651,667,720,768
267,1,0,1011,1026,969,827,1053,1026
267,87,0,793,812,748,665,838,812
267,90,0,1182,850,1133,687,1231,850
267,70,0,1382,786,1343,647,1421,786
267,116,0,641,511,621,428,662,511
267,121,0,685,768,651,665,720,768
268,1,0,1012,1027,970,827,1054,1027
268,87,0,800,805,760,664,840,805
268,90,0,1186,850,1137,687,1236,850
268,70,0,1382,786,1345,648,1420,786
268,116,0,641,511,621,428,662,511
268,121,0,685,767,651,662,720,767
269,1,0,1014,1027,971,827,1057,1027
269,87,0,808,799,770,664,846,799
269,90,0,1189,850,1137,687,1241,850
269,70,0,1385,786,1348,648,1423,786
269,116,0,641,510,622,429,661,510
269,121,0,683,766,650,659,716,766
270,1,0,1017,1027,972,826,1062,1027
270,87,0,815,796,780,661,851,796
270,90,0,1192,850,1138,687,1247,850
270,70,0,1387,786,1349,649,1425,786
270,116,0,641,510,622,429,661,510
270,121,0,681,765,649,657,713,765
271,1,0,1021,1027,974,826,1068,1027
271,87,0,820,794,786,658,855,794
271,90,0,1203,848,1154,689,1252,848
271,70,0,1387,785,1351,648,1424,785
271,116,0,641,511,621,429,661,511
271,121,0,681,766,647,655,716,766
272,1,0,1024,1027,978,827,1070,1027
272,87,0,821,793,790,654,853,793
272,90,0,1214,851,1170,689,1258,851
272,70,0,1386,783,1353,648,1420,783
272,116,0,641,512,621,429,662,512
272,121,0,682,765,645,651,719,765
273,1,0,1026,1027,980,827,1072,1027
273,87,0,831,791,792,650,871,791
273,90,0,1222,848,1181,690,1264,848
273,70,0,1383,781,1355,646,1411,781
273,116,0,641,512,621,429,662,512
273,121,0,679,763,642,648,717,763
274,1,0,1028,1027,984,828,1073,1027
274,87,0,825,784,795,644,855,784
274,90,0,1231,849,1192,690,1270,849
274,70,0,1383,780,1357,645,1409,780
274,116,0,642,512,622,429,662,512
274,121,0,680,765,640,645,721,765
275,1,0,1029,1027,986,827,1073,1027
275,87,0,822,786,797,642,847,786
275,90,0,1242,843,1208,690,1277,843
275,70,0,1383,779,1358,644,1409,779
275,116,0,641,512,622,429,661,512
275,121,0,681,766,638,642,725,766
275,125,0,667,763,638,642,697,763
276,1,0,1030,1027,988,827,1073,1027
276,87,0,823,788,800,640,847,788
276,90,0,1253,841,1221,691,1285,841
276,70,0,1383,779,1358,644,1409,779
276,116,0,642,513,622,429,662,513
276,125,0,663,758,637,641,689,758
276,126,0,840,786,799,639,881,786
277,1,0,1032,1027,989,826,1075,1027
277,87,0,826,785,804,640,848,785
277,90,0,1261,843,1230,691,1292,843
277,70,0,1384,779,1359,644,1409,779
277,116,0,641,513,622,430,661,513
277,125,0,660,756,636,639,685,756
277,126,0,840,787,803,640,877,787
278,1,0,1034,1027,992,826,1077,1027
278,87,0,829,787,808,640,851,787
278,90,0,1270,847,1234,691,1306,847
278,70,0,1384,779,1359,644,1409,779
278,116,0,641,518,622,430,661,518
278,125,0,658,756,634,639,683,756
279,1,0,1037,1027,994,825,1080,1027
279,87,0,833,777,811,640,856,777
279,90,0,1274,845,1236,691,1312,845
279,70,0,1384,780,1358,645,1410,780
279,116,0,642,513,622,431,662,513
279,125,0,656,758,631,636,682,758
280,1,0,1039,1026,995,823,1083,1026
280,87,0,838,767,816,641,860,767
280,90,0,1280,843,1237,691,1324,843
280,70,0,1383,780,1358,645,1408,780
280,116,0,642,511,622,432,662,511
280,125,0,654,759,629,632,680,759
281,1,0,1041,1026,997,822,1086,1026
281,87,0,841,763,819,641,864,763
281,90,0,1286,844,1238,690,1334,844
281,70,0,1382,779,1358,644,1407,779
281,116,0,642,510,623,432,662,510
281,125,0,653,760,627,634,679,760
281,126,0,851,768,818,641,885,768
282,1,0,1044,1026,998,822,1090,1026
282,87,0,843,767,821,641,866,767
282,90,0,1289,846,1238,690,1341,846
282,70,0,1382,779,1358,643,1407,779
282,116,0,643,509,625,432,662,509
282,125,0,653,762,626,636,681,762
282,126,0,853,767,821,641,886,767
282,121,0,666,766,626,637,707,766
283,1,0,1048,1026,1001,822,1095,1026
283,87,0,847,767,824,642,871,767
283,90,0,1292,846,1241,690,1343,846
283,70,0,1383,778,1357,644,1409,778
283,116,0,644,509,627,432,662,509
283,125,0,652,759,625,635,680,759
283,121,0,662,764,624,636,700,764
284,1,0,1051,1026,1003,821,1099,1026
284,90,0,1293,847,1239,692,1347,847
284,70,0,1383,779,1357,643,1410,779
284,116,0,644,507,626,432,663,507
284,121,0,658,762,623,632,694,762
284,126,0,859,766,827,642,891,766
285,1,0,1052,1026,1004,821,1100,1026
285,90,0,1294,849,1237,693,1352,849
285,70,0,1384,779,1357,642,1411,779
285,116,0,646,508,628,432,664,508
285,121,0,656,761,622,632,691,761
285,126,0,863,764,829,640,898,764
286,1,0,1053,1027,1005,821,1101,1027
286,90,0,1309,850,1262,694,1356,850
286,70,0,1383,778,1356,642,1411,778
286,116,0,646,509,628,431,665,509
286,121,0,654,758,621,630,687,758
286,126,0,865,762,830,640,900,762
287,1,0,1053,1026,1005,820,1101,1026
287,90,0,1319,849,1281,694,1357,849
287,70,0,1382,777,1356,641,1408,777
287,116,0,646,508,628,432,664,508
287,121,0,651,756,620,629,682,756
287,126,0,867,760,830,638,904,760
288,1,0,1053,1027,1006,820,1101,1027
288,90,0,1327,848,1294,692,1361,848
288,70,0,1380,777,1355,639,1406,777
288,116,0,646,507,628,431,665,507
288,121,0,655,758,620,628,691,758
288,126,0,874,760,832,635,916,760
288,125,0,645,756,621,628,670,756
289,1,0,1053,1027,1006,820,1101,1027
289,90,0,1334,843,1303,692,1366,843
289,70,0,1379,777,1355,639,1404,777
289,116,0,645,507,627,431,664,507
289,126,0,877,759,835,631,919,759
289,125,0,642,756,619,626,666,756
290,1,0,1053,1027,1006,819,1101,1027
290,90,0,1340,842,1309,692,1371,842
290,70,0,1379,777,1354,639,1404,777
290,116,0,645,506,626,430,664,506
290,126,0,879,759,837,629,921,759
290,125,0,641,755,619,624,663,755
291,1,0,1053,1027,1007,819,1100,1027
291,90,0,1350,848,1312,695,1389,848
291,70,0,1378,782,1353,640,1403,782
291,116,0,646,506,627,430,665,506
291,126,0,882,760,839,619,925,760
291,125,0,641,755,619,617,663,755
292,1,0,1053,1027,1007,819,1099,1027
292,90,0,1350,848,1317,696,1383,848
292,70,0,1380,782,1352,641,1408,782
292,116,0,646,506,627,431,665,506
292,126,0,884,759,840,602,929,759
292,125,0,640,755,618,617,662,755
292,87,0,871,759,839,606,904,759
293,1,0,1051,1027,1006,819,1096,1027
293,90,0,1353,849,1319,697,1388,849
293,70,0,1381,781,1351,642,1412,781
293,116,0,645,506,626,429,665,506
293,126,0,886,759,841,600,931,759
293,125,0,638,756,617,617,660,756
293,87,0,869,758,841,601,898,758
294,1,0,1050,1027,1006,819,1094,1027
294,90,0,1362,848,1321,699,1403,848
294,70,0,1380,782,1348,644,1412,782
294,116,0,645,506,626,429,665,506
294,126,0,887,758,841,594,933,758
294,125,0,637,755,617,615,658,755
294,87,0,868,755,841,597,895,755
295,1,0,1048,1027,1006,819,1091,1027
295,90,0,1372,848,1326,703,1418,848
295,70,0,1378,783,1342,646,1414,783
295,116,0,644,506,624,429,665,506
295,126,0,887,756,842,590,932,756
295,125,0,634,754,614,614,655,754
295,87,0,868,755,843,591,894,755
296,1,0,1047,1027,1005,819,1090,1027
296,90,0,1374,850,1329,715,1420,850
296,70,0,1374,828,1333,648,1416,828
296,116,0,645,506,624,429,666,506
296,126,0,886,753,843,591,929,753
296,125,0,631,754,609,612,653,754
296,87,0,868,752,843,596,894,752
297,1,0,1047,1027,1005,819,1089,1027
297,90,0,1375,852,1328,713,1422,852
297,70,0,1373,838,1330,649,1417,838
297,116,0,644,506,623,428,665,506
297,126,0,888,753,844,596,932,753
297,125,0,627,754,603,613,651,754
297,87,0,869,750,844,598,895,750
298,1,0,1046,1026,1004,819,1088,1026
298,90,0,1377,854,1328,718,1427,854
298,70,0,1374,848,1327,651,1421,848
298,116,0,644,507,624,429,665,507
298,126,0,887,751,845,598,929,751
298,125,0,624,754,600,616,648,754
298,87,0,870,749,845,599,895,749
299,1,0,1046,1026,1003,820,1089,1026
299,90,0,1384,857,1332,713,1436,857
299,116,0,644,506,623,429,666,506
299,126,0,885,749,845,600,925,749
299,125,0,622,755,597,618,648,755
299,87,0,871,747,845,599,897,747
300,1,0,1046,1026,1003,820,1089,1026
300,90,0,1393,860,1344,723,1442,860
300,116,0,644,506,623,430,666,506
300,126,0,885,749,845,602,926,749
300,125,0,621,755,594,619,649,755
300,87,0,870,746,844,601,897,746
300,137,0,1352,772,1326,655,1379,772
301,1,0,1045,1026,1002,820,1088,1026
301,90,0,1392,860,1340,715,1445,860
301,116,0,644,506,623,430,666,506
301,126,0,882,747,845,604,920,747
301,125,0,623,757,594,619,652,757
301,87,0,870,744,844,602,896,744
301,137,0,1352,769,1327,657,1378,769
302,1,0,1045,1026,1002,820,1088,1026
302,90,0,1394,860,1343,724,1446,860
302,116,0,645,507,622,431,668,507
302,126,0,882,746,844,604,921,746
302,125,0,624,758,594,620,654,758
302,87,0,871,743,844,602,898,743
302,137,0,1351,773,1325,658,1378,773
303,1,0,1045,1026,1002,820,1089,1026
303,90,0,1400,860,1350,729,1450,860
303,116,0,645,507,622,432,668,507
303,125,0,624,758,594,622,655,758
303,87,0,872,741,844,603,900,741
303,137,0,1351,777,1323,661,1380,777
304,1,0,1046,1026,1002,820,1090,1026
304,90,0,1401,859,1354,728,1449,859
304,116,0,646,508,622,433,670,508
304,125,0,624,758,593,623,656,758
304,137,0,1351,776,1322,663,1381,776
304,126,0,879,745,843,602,915,745
305,1,0,1046,1026,1002,820,1090,1026
305,90,0,1404,861,1358,727,1451,861
305,125,0,625,758,593,623,657,758
305,137,0,1350,777,1322,664,1379,777
305,87,0,872,743,841,600,904,743
306,1,0,1046,1026,1002,820,1091,1026
306,90,0,1404,862,1359,726,1450,862
306,125,0,624,758,592,622,657,758
306,137,0,1349,779,1321,665,1378,779
306,87,0,866,741,835,601,898,741
306,126,0,876,743,835,601,917,743
307,1,0,1047,1026,1003,820,1092,1026
307,90,0,1404,862,1359,727,1449,862
307,125,0,624,759,591,623,657,759
307,137,0,1349,777,1321,665,1378,777
307,87,0,863,740,829,600,898,740
308,1,0,1047,1026,1003,819,1092,1026
308,90,0,1401,861,1358,725,1445,861
308,125,0,623,761,591,623,656,761
308,137,0,1348,775,1321,662,1376,775
308,87,0,862,742,826,601,898,742
309,1,0,1049,1026,1006,819,1093,1026
309,90,0,1397,862,1351,727,1443,862
309,125,0,623,767,589,623,657,767
309,137,0,1349,776,1322,660,1377,776
309,87,0,859,740,823,603,895,740
310,1,0,1050,1027,1007,820,1093,1027
310,90,0,1392,861,1343,727,1441,861
310,125,0,620,769,588,623,653,769
310,137,0,1349,778,1322,659,1377,778
310,87,0,856,739,819,603,894,739
310,70,0,1382,861,1326,664,1438,861
311,1,0,1051,1027,1008,819,1094,1027
311,90,0,1387,861,1335,729,1440,861
311,125,0,618,767,588,624,649,767
311,137,0,1350,779,1322,657,1378,779
311,87,0,856,739,815,604,897,739
311,139,0,972,518,951,460,993,518
311,70,0,1381,861,1324,658,1439,861
312,1,0,1051,1027,1009,821,1094,1027
312,90,0,1386,861,1333,727,1440,861
312,125,0,616,767,587,626,645,767
312,137,0,1349,781,1320,656,1379,781
312,87,0,854,737,813,604,895,737
312,139,0,972,518,951,460,993,518
312,70,0,1381,861,1323,655,1440,861
313,1,0,1051,1027,1009,821,1093,1027
313,90,0,1382,861,1327,725,1438,861
313,125,0,614,769,586,627,642,769
313,137,0,1351,780,1320,654,1382,780
313,87,0,854,738,813,604,895,738
313,139,0,972,518,951,460,993,518
313,70,0,1379,861,1321,654,1438,861
314,1,0,1051,1026,1008,822,1094,1026
314,90,0,1381,861,1327,718,1436,861
314,125,0,612,772,585,628,639,772
314,87,0,853,739,813,605,894,739
314,139,0,972,518,952,460,993,518
315,1,0,1051,1027,1008,821,1094,1027
315,90,0,1376,861,1327,713,1426,861
315,125,0,610,774,582,630,638,774
315,87,0,854,740,814,606,895,740
315,139,0,972,519,952,461,993,519
315,137,0,1366,759,1345,649,1387,759
316,1,0,1050,1026,1006,820,1094,1026
316,90,0,1369,857,1322,709,1417,857
316,125,0,608,776,580,631,637,776
316,87,0,855,740,815,606,895,740
316,139,0,972,519,952,460,993,519
316,137,0,1372,754,1355,647,1390,754
317,1,0,1049,1026,1004,821,1094,1026
317,90,0,1358,853,1315,705,1402,853
317,125,0,609,780,578,633,641,780
317,87,0,856,741,815,606,898,741
317,139,0,973,518,952,460,994,518
317,137,0,1375,764,1353,643,1397,764
317,141,0,1365,853,1334,728,1397,853
318,1,0,1048,1026,1003,822,1093,1026
318,90,0,1346,850,1305,703,1388,850
318,125,0,611,784,575,633,648,784
318,87,0,856,738,815,605,897,738
318,139,0,973,518,952,460,994,518
318,137,0,1376,765,1353,640,1400,765
318,141,0,1359,849,1334,736,1384,849
319,1,0,1047,1027,1002,823,1092,1027
319,90,0,1342,854,1300,700,1385,854
319,125,0,612,787,573,634,652,787
319,87,0,853,737,814,605,893,737
319,139,0,973,518,952,460,995,518
319,137,0,1380,767,1357,638,1403,767
319,70,0,1360,860,1304,696,1417,860
320,1,0,1044,1027,1001,823,1088,1027
320,90,0,1339,854,1296,696,1382,854
320,125,0,610,787,571,636,649,787
320,87,0,857,738,815,605,900,738
320,139,0,973,518,952,461,995,518
320,137,0,1384,768,1360,633,1408,768
321,1,0,1041,1026,999,824,1084,1026
321,90,0,1336,853,1291,692,1381,853
321,125,0,609,790,570,638,648,790
321,87,0,858,738,815,606,901,738
321,139,0,974,519,953,461,996,519
321,137,0,1387,769,1361,628,1413,769
322,1,0,1039,1026,998,824,1081,1026
322,90,0,1332,852,1287,688,1377,852
322,125,0,611,792,570,640,653,792
322,87,0,857,738,815,606,900,738
322,139,0,974,519,953,461,996,519
322,137,0,1389,769,1361,626,1417,769
323,1,0,1038,1026,997,824,1079,1026
323,90,0,1328,852,1284,686,1373,852
323,125,0,611,794,570,641,653,794
323,87,0,856,737,815,607,898,737
323,139,0,975,519,953,461,997,519
323,137,0,1391,768,1360,626,1423,768
324,1,0,1036,1026,996,825,1077,1026
324,90,0,1324,852,1281,686,1367,852
324,125,0,611,794,571,644,651,794
324,87,0,856,737,815,607,898,737
324,139,0,974,519,952,461,996,519
324,137,0,1392,767,1358,625,1426,767
325,1,0,1035,1026,994,825,1076,1026
325,90,0,1319,853,1278,686,1361,853
325,125,0,610,794,571,644,649,794
325,87,0,858,738,815,608,902,738
325,137,0,1392,767,1357,625,1428,767
325,70,0,1341,859,1280,686,1402,859
326,1,0,1034,1025,993,825,1075,1025
326,90,0,1313,850,1273,686,1353,850
326,125,0,608,794,569,645,648,794
326,87,0,860,739,816,608,905,739
326,137,0,1393,765,1357,625,1430,765
326,144,0,595,786,568,644,623,786
327,1,0,1033,1025,992,825,1074,1025
327,125,0,605,794,567,645,643,794
327,87,0,862,739,816,609,908,739
327,137,0,1394,763,1357,626,1432,763
327,144,0,594,785,567,644,621,785
327,70,0,1322,857,1268,687,1377,857
328,1,0,1032,1025,991,825,1073,1025
328,125,0,604,798,565,644,643,798
328,87,0,864,738,819,610,909,738
328,137,0,1396,759,1360,627,1433,759
328,144,0,591,786,565,643,618,786
328,70,0,1311,850,1263,688,1360,850
328,90,0,1297,845,1263,686,1332,845
329,1,0,1030,1025,991,826,1069,1025
329,125,0,599,798,562,643,636,798
329,87,0,869,736,825,610,913,736
329,137,0,1401,753,1366,626,1436,753
329,144,0,588,789,562,643,614,789
329,70,0,1304,848,1258,687,1350,848
329,90,0,1289,845,1258,685,1320,845
330,1,0,1028,1026,990,826,1067,1026
330,125,0,593,797,559,642,627,797
330,87,0,872,736,829,611,916,736
330,137,0,1408,749,1377,626,1439,749
330,144,0,598,797,559,643,638,797
330,90,0,1280,840,1253,685,1307,840
331,1,0,1027,1026,988,826,1066,1026
331,125,0,588,797,557,642,620,797
331,87,0,876,734,838,609,915,734
331,137,0,1416,750,1386,627,1447,750
331,90,0,1274,838,1248,682,1301,838
332,1,0,1026,1026,987,826,1065,1026
332,125,0,586,798,556,643,616,798
332,87,0,878,735,844,609,913,735
332,137,0,1422,751,1391,626,1453,751
332,90,0,1269,840,1243,679,1295,840
333,1,0,1025,1027,985,825,1065,1027
333,125,0,587,800,554,644,621,800
333,87,0,883,735,858,609,908,735
333,137,0,1429,751,1398,627,1461,751
333,90,0,1265,840,1238,677,1292,840
334,1,0,1023,1027,985,825,1062,1027
334,125,0,583,799,553,646,613,799
334,87,0,887,736,865,608,909,736
334,137,0,1437,753,1403,626,1471,753
334,90,0,1262,842,1232,674,1292,842
335,1,0,1022,1027,983,826,1061,1027
335,125,0,581,800,551,648,611,800
335,87,0,890,737,868,607,913,737
335,137,0,1440,753,1406,626,1474,753
335,90,0,1257,842,1224,673,1291,842
336,1,0,1021,1028,982,827,1060,1028
336,125,0,579,801,550,651,609,801
336,87,0,893,738,869,605,918,738
336,137,0,1442,751,1408,625,1476,751
336,90,0,1253,842,1217,673,1289,842
337,1,0,1019,1027,980,829,1058,1027
337,125,0,577,804,549,654,606,804
337,87,0,897,739,870,604,924,739
337,137,0,1449,752,1411,624,1488,752
337,90,0,1247,843,1208,673,1287,843
338,1,0,1017,1027,978,829,1057,1027
338,125,0,575,804,547,656,604,804
338,87,0,906,742,871,605,941,742
338,137,0,1449,751,1413,624,1486,751
338,90,0,1240,842,1199,674,1282,842
339,1,0,1016,1026,976,830,1056,1026
339,125,0,575,805,545,657,605,805
339,87,0,906,741,872,604,940,741
339,137,0,1447,749,1413,624,1481,749
339,90,0,1233,841,1190,673,1277,841
340,1,0,1015,1026,975,830,1055,1026
340,125,0,573,805,544,657,603,805
340,87,0,907,739,872,604,943,739
340,137,0,1450,751,1414,624,1486,751
340,90,0,1229,838,1183,673,1275,838
341,1,0,1014,1026,974,830,1055,1026
341,125,0,572,803,543,658,602,803
341,87,0,911,739,871,603,952,739
341,137,0,1448,751,1415,623,1481,751
341,90,0,1224,837,1176,672,1273,837
342,1,0,1013,1026,972,830,1054,1026
342,125,0,569,806,542,658,596,806
342,87,0,913,740,871,605,956,740
342,137,0,1445,749,1415,622,1476,749
342,90,0,1221,836,1173,672,1270,836
343,1,0,1012,1027,971,831,1054,1027
343,125,0,569,812,539,658,599,812
343,87,0,915,740,872,608,958,740
343,137,0,1447,748,1416,622,1479,748
343,90,0,1217,836,1169,671,1265,836
344,1,0,1012,1027,970,831,1055,1027
344,125,0,567,817,537,660,598,817
344,87,0,916,742,872,608,961,742
344,137,0,1447,748,1416,619,1479,748
344,90,0,1213,835,1166,670,1260,835
345,1,0,1012,1027,970,832,1055,1027
345,125,0,570,821,536,662,605,821
345,87,0,917,742,874,609,961,742
345,137,0,1446,746,1415,616,1477,746
345,90,0,1211,836,1165,670,1257,836
346,1,0,1011,1028,969,832,1054,1028
346,125,0,569,822,527,664,611,822
346,87,0,919,742,877,610,962,742
346,137,0,1446,746,1416,614,1476,746
346,90,0,1207,835,1163,670,1252,835
347,1,0,1009,1028,968,833,1051,1028
347,125,0,554,818,516,666,592,818
347,87,0,922,744,881,611,964,744
347,137,0,1447,746,1419,611,1476,746
347,90,0,1205,836,1162,670,1248,836
348,1,0,1007,1028,967,834,1048,1028
348,125,0,544,818,506,668,582,818
348,87,0,925,745,885,611,966,745
348,137,0,1450,743,1425,608,1475,743
348,90,0,1202,836,1160,670,1244,836
349,1,0,1006,1028,966,835,1047,1028
349,125,0,537,818,497,670,577,818
349,87,0,928,745,889,611,967,745
349,137,0,1453,742,1428,603,1478,742
349,90,0,1199,835,1158,670,1241,835
350,1,0,1005,1027,965,835,1045,1027
350,125,0,532,819,492,671,572,819
350,87,0,928,747,890,610,966,747
350,137,0,1450,742,1422,592,1478,742
350,90,0,1195,833,1153,671,1237,833
351,1,0,1002,1027,963,836,1042,1027
351,125,0,529,821,489,671,570,821
351,87,0,929,744,893,609,965,744
351,137,0,1448,741,1420,588,1477,741
351,90,0,1191,832,1150,672,1232,832
352,1,0,1000,1027,961,836,1040,1027
352,125,0,526,820,487,669,566,820
352,87,0,929,743,895,608,964,743
352,137,0,1452,740,1427,591,1477,740
352,90,0,1186,831,1147,672,1226,831
353,1,0,998,1027,960,837,1037,1027
353,125,0,526,822,489,668,563,822
353,87,0,929,743,896,608,963,743
353,137,0,1452,740,1428,593,1477,740
353,90,0,1182,830,1142,672,1222,830
353,151,0,1443,740,1407,576,1479,740
353,70,0,1198,834,1143,672,1254,834
354,1,0,997,1027,959,837,1035,1027
354,125,0,526,825,492,666,561,825
354,87,0,930,743,897,607,963,743
354,137,0,1454,741,1428,594,1481,741
354,90,0,1176,828,1137,672,1216,828
354,151,0,1448,742,1406,576,1490,742
355,1,0,994,1027,957,837,1032,1027
355,125,0,527,826,494,667,561,826
355,87,0,931,743,899,607,963,743
355,137,0,1455,741,1428,594,1483,741
355,90,0,1170,822,1132,672,1208,822
355,151,0,1454,744,1415,580,1494,744
356,1,0,992,1027,955,837,1030,1027
356,125,0,531,826,496,668,566,826
356,87,0,930,743,897,607,963,743
356,137,0,1456,741,1428,598,1484,741
356,90,0,1165,821,1129,670,1202,821
356,151,0,1468,745,1427,598,1510,745
356,70,0,1188,832,1129,668,1247,832
357,1,0,990,1028,954,838,1027,1028
357,125,0,533,827,496,670,570,827
357,87,0,930,743,897,609,963,743
357,137,0,1455,742,1428,597,1483,742
357,90,0,1162,816,1128,670,1197,816
357,151,0,1471,744,1430,604,1512,744
358,1,0,989,1027,953,839,1025,1027
358,125,0,533,828,496,673,571,828
358,87,0,930,743,896,611,964,743
358,137,0,1454,743,1427,603,1482,743
358,90,0,1161,820,1128,669,1194,820
358,151,0,1471,748,1429,610,1513,748
359,1,0,987,1027,951,840,1023,1027
359,125,0,532,828,494,675,571,828
359,87,0,930,742,897,612,963,742
359,137,0,1454,743,1426,605,1482,743
359,90,0,1161,819,1129,670,1193,819
359,151,0,1470,748,1428,611,1513,748
360,1,0,985,1028,949,841,1022,1028
360,125,0,530,828,493,677,567,828
360,87,0,929,742,896,616,962,742
360,137,0,1453,743,1423,607,1483,743
360,90,0,1160,820,1130,671,1190,820
360,151,0,1468,749,1425,614,1511,749
361,1,0,984,1028,947,841,1021,1028
361,125,0,528,828,492,678,565,828
361,87,0,928,742,895,617,962,742
361,137,0,1452,743,1422,612,1483,743
361,90,0,1160,820,1131,671,1189,820
361,151,0,1464,753,1424,618,1505,753
362,1,0,983,1027,946,842,1020,1027
362,125,0,523,829,492,679,554,829
362,87,0,928,743,894,618,962,743
362,137,0,1451,743,1420,616,1482,743
362,90,0,1158,818,1131,670,1186,818
363,1,0,981,1027,944,842,1019,1027
363,125,0,518,832,491,680,546,832
363,87,0,927,744,891,621,963,744
363,137,0,1451,747,1418,619,1484,747
363,90,0,1157,818,1130,670,1184,818
364,1,0,979,1028,940,842,1018,1028
364,125,0,513,834,489,680,537,834
364,87,0,926,745,889,622,963,745
364,137,0,1452,755,1412,619,1492,755
364,90,0,1156,820,1129,669,1184,820
365,1,0,976,1028,936,842,1017,1028
365,125,0,508,841,486,681,530,841
365,87,0,924,745,886,623,962,745
365,137,0,1444,751,1404,591,1485,751
365,90,0,1158,823,1128,668,1189,823
365,70,0,1174,826,1127,666,1221,826
366,1,0,974,1028,934,842,1015,1028
366,125,0,507,848,482,683,532,848
366,87,0,922,745,883,625,962,745
366,137,0,1440,748,1399,603,1481,748
366,90,0,1157,821,1127,668,1188,821
366,70,0,1174,825,1128,666,1220,825
367,1,0,973,1028,932,842,1015,1028
367,125,0,510,852,478,686,543,852
367,87,0,921,745,881,627,962,745
367,137,0,1435,747,1396,616,1474,747
367,90,0,1156,819,1127,669,1185,819
368,1,0,973,1028,931,843,1015,1028
368,125,0,511,854,476,690,546,854
368,87,0,922,746,881,628,964,746
368,137,0,1426,747,1384,620,1469,747
368,90,0,1155,812,1127,670,1183,812
369,1,0,972,1028,929,844,1015,1028
369,125,0,510,855,473,693,548,855
369,87,0,921,746,879,628,964,746
369,137,0,1422,750,1378,621,1466,750
369,90,0,1153,810,1126,672,1181,810
370,1,0,971,1028,928,844,1015,1028
370,125,0,509,855,472,696,547,855
370,87,0,922,747,878,630,966,747
370,137,0,1420,753,1377,623,1463,753
370,90,0,1151,808,1124,674,1179,808
371,1,0,970,1028,927,844,1013,1028
371,125,0,509,855,471,699,548,855
371,87,0,921,748,877,632,966,748
371,137,0,1416,755,1374,623,1458,755
371,90,0,1151,814,1121,676,1181,814
371,70,0,1165,823,1120,675,1211,823
372,1,0,967,1029,924,844,1011,1029
372,125,0,508,858,469,701,548,858
372,87,0,920,748,877,634,964,748
372,137,0,1409,756,1367,622,1452,756
372,90,0,1151,820,1118,679,1185,820
372,70,0,1167,827,1119,679,1215,827
373,1,0,964,1029,920,844,1008,1029
373,125,0,507,857,467,704,547,857
373,87,0,920,747,878,635,962,747
373,137,0,1401,754,1357,622,1445,754
373,90,0,1153,820,1117,681,1190,820
374,1,0,960,1029,917,845,1003,1029
374,125,0,506,857,466,706,546,857
374,87,0,917,747,875,636,959,747
374,137,0,1395,757,1351,623,1439,757
374,90,0,1148,816,1116,681,1181,816
375,1,0,955,1029,914,845,997,1029
375,125,0,504,858,464,709,545,858
375,87,0,912,749,867,635,958,749
375,137,0,1393,758,1352,624,1434,758
375,90,0,1142,814,1112,681,1172,814
375,70,0,1150,818,1108,680,1193,818
376,1,0,951,1029,910,845,993,1029
376,125,0,502,859,463,711,542,859
376,87,0,907,752,857,637,958,752
376,137,0,1384,760,1342,624,1427,760
376,90,0,1135,812,1105,678,1165,812
376,70,0,1145,815,1102,679,1189,815
377,1,0,947,1029,906,844,989,1029
377,125,0,500,859,461,713,539,859
377,87,0,900,754,845,636,956,754
377,137,0,1376,756,1337,626,1416,756
377,90,0,1130,812,1098,676,1162,812
377,70,0,1142,816,1097,679,1188,816
378,1,0,945,1028,903,844,987,1028
378,125,0,498,859,460,714,536,859
378,87,0,894,753,833,635,956,753
378,137,0,1370,760,1329,626,1411,760
378,70,0,1132,816,1090,676,1175,816
379,1,0,941,1029,900,845,983,1029
379,125,0,496,859,459,714,534,859
379,87,0,889,756,825,635,953,756
379,137,0,1362,755,1323,625,1402,755
379,70,0,1128,815,1082,672,1175,815
379,90,0,1131,811,1100,673,1163,811
380,1,0,938,1029,896,845,981,1029
380,125,0,493,858,458,714,529,858
380,87,0,883,762,817,636,950,762
380,137,0,1360,756,1321,626,1399,756
380,70,0,1121,816,1076,656,1167,816
381,1,0,936,1029,894,844,979,1029
381,125,0,491,858,459,712,524,858
381,87,0,877,764,813,635,942,764
381,137,0,1353,757,1316,625,1391,757
381,70,0,1125,818,1074,644,1177,818
382,1,0,933,1028,889,844,978,1028
382,125,0,491,858,461,707,521,858
382,87,0,871,764,813,634,930,764
382,137,0,1346,759,1306,626,1386,759
382,70,0,1121,815,1075,636,1168,815
383,1,0,931,1028,886,844,976,1028
383,125,0,491,857,463,703,520,857
383,87,0,866,765,818,634,914,765
383,137,0,1336,761,1291,626,1381,761
383,70,0,1118,813,1073,632,1163,813
384,1,0,929,1028,883,844,975,1028
384,125,0,493,854,468,699,519,854
384,87,0,859,766,813,634,905,766
384,137,0,1328,761,1280,628,1376,761
384,70,0,1114,812,1068,633,1160,812
385,1,0,927,1028,880,844,974,1028
385,125,0,493,853,470,696,517,853
385,87,0,853,765,808,632,899,765
385,137,0,1320,758,1270,629,1371,758
385,70,0,1106,811,1059,630,1154,811
386,1,0,926,1028,879,844,973,1028
386,125,0,494,853,471,694,517,853
386,87,0,849,763,806,627,892,763
386,137,0,1315,758,1266,631,1365,758
386,70,0,1100,812,1048,627,1153,812
387,1,0,926,1028,879,844,973,1028
387,125,0,494,851,472,692,517,851
387,87,0,843,759,800,626,887,759
387,137,0,1310,761,1262,632,1358,761
387,70,0,1091,813,1034,626,1148,813
388,1,0,926,1028,879,843,973,1028
388,125,0,502,842,472,691,533,842
388,87,0,838,759,795,626,882,759
388,137,0,1303,764,1258,634,1348,764
388,70,0,1086,811,1030,621,1142,811
389,1,0,926,1028,881,843,972,1028
389,125,0,507,839,473,690,541,839
389,87,0,832,760,788,626,877,760
389,137,0,1297,761,1256,636,1339,761
389,70,0,1079,796,1032,628,1126,796
390,1,0,927,1028,882,843,973,1028
390,125,0,513,837,474,688,553,837
390,87,0,817,758,780,629,854,758
390,137,0,1293,759,1253,637,1333,759
390,70,0,1077,788,1037,629,1118,788
390,90,0,1089,786,1063,633,1116,786
391,1,0,928,1028,884,843,973,1028
391,125,0,518,837,473,685,563,837
391,87,0,802,760,768,633,837,760
391,137,0,1290,758,1252,635,1328,758
391,90,0,1088,782,1067,631,1110,782
392,1,0,929,1028,886,842,973,1028
392,125,0,521,838,474,682,568,838
392,87,0,793,760,760,634,827,760
392,137,0,1287,758,1253,635,1322,758
392,90,0,1086,785,1066,633,1107,785
393,1,0,930,1028,887,842,974,1028
393,125,0,521,837,473,680,569,837
393,87,0,785,761,754,637,817,761
393,137,0,1286,758,1253,632,1319,758
393,90,0,1084,787,1064,635,1104,787
394,1,0,931,1027,888,842,975,1027
394,125,0,521,830,474,679,568,830
394,87,0,778,762,745,640,812,762
394,137,0,1283,760,1249,630,1317,760
394,90,0,1080,789,1060,637,1101,789
395,1,0,932,1027,889,842,976,1027
395,125,0,520,824,475,678,566,824
395,87,0,769,760,733,641,805,760
395,137,0,1275,759,1244,629,1307,759
395,90,0,1078,798,1056,639,1101,798
396,1,0,932,1027,889,842,976,1027
396,125,0,520,816,477,678,563,816
396,87,0,756,763,714,643,799,763
396,137,0,1269,758,1242,628,1296,758
396,90,0,1076,803,1052,646,1101,803
397,1,0,933,1027,890,841,977,1027
397,125,0,520,814,485,678,556,814
397,87,0,755,770,702,644,809,770
397,137,0,1265,757,1238,625,1292,757
397,90,0,1068,805,1042,650,1094,805
398,1,0,933,1027,890,841,977,1027
398,125,0,524,814,489,678,559,814
398,87,0,749,772,694,644,805,772
398,137,0,1262,756,1236,624,1288,756
398,90,0,1067,806,1042,657,1092,806
399,1,0,933,1027,890,839,976,1027
399,125,0,531,811,493,676,570,811
399,87,0,742,770,692,646,792,770
399,137,0,1260,757,1235,623,1286,757
399,90,0,1068,807,1043,664,1094,807
399,161,0,1285,761,1239,622,1332,761
400,1,0,932,1027,890,838,975,1027
400,125,0,533,810,498,673,569,810
400,87,0,741,768,690,646,792,768
400,137,0,1260,756,1235,623,1285,756
400,90,0,1065,807,1040,668,1090,807
401,1,0,932,1028,891,837,974,1028
401,125,0,537,809,501,671,573,809
401,87,0,738,767,689,645,788,767
401,137,0,1260,756,1236,623,1285,756
401,90,0,1058,808,1031,670,1086,808
402,1,0,932,1028,890,836,974,1028
402,125,0,536,809,503,669,569,809
402,87,0,735,768,687,643,784,768
402,137,0,1260,755,1237,621,1284,755
402,90,0,1056,810,1025,669,1087,810
403,1,0,932,1028,890,835,974,1028
403,125,0,537,808,506,668,568,808
403,87,0,733,768,686,643,781,768
403,137,0,1260,755,1237,620,1283,755
403,90,0,1053,809,1023,667,1083,809
404,1,0,931,1029,890,835,973,1029
404,125,0,536,805,507,668,566,805
404,87,0,732,769,684,641,780,769
404,137,0,1260,755,1237,620,1283,755
404,90,0,1051,809,1022,664,1080,809
405,1,0,931,1029,890,834,973,1029
405,125,0,540,803,508,667,572,803
405,87,0,727,770,682,638,772,770
405,137,0,1260,755,1238,620,1283,755
405,90,0,1049,808,1022,661,1077,808
406,1,0,931,1029,889,834,973,1029
406,125,0,545,804,508,667,582,804
406,87,0,725,771,680,636,771,771
406,137,0,1261,755,1240,618,1282,755
406,90,0,1049,808,1021,658,1077,808
407,1,0,931,1029,889,834,973,1029
407,125,0,547,804,509,665,586,804
407,87,0,720,771,679,633,761,771
407,137,0,1261,755,1241,617,1282,755
407,90,0,1047,810,1019,655,1076,810
408,1,0,931,1029,889,834,973,1029
408,125,0,541,796,508,662,575,796
408,87,0,715,770,678,631,753,770
408,137,0,1261,755,1241,616,1282,755
408,90,0,1049,809,1019,653,1079,809
409,1,0,931,1029,889,833,973,1029
409,125,0,539,796,508,652,571,796
409,87,0,711,769,676,629,746,769
409,137,0,1262,756,1242,615,1282,756
409,90,0,1051,808,1016,652,1086,808
410,1,0,931,1029,889,833,973,1029
410,125,0,537,795,507,644,568,795
410,87,0,707,771,672,629,743,771
410,137,0,1262,757,1242,615,1282,757
410,90,0,1052,813,1014,653,1090,813
411,1,0,930,1029,888,833,973,1029
411,125,0,535,793,504,636,566,793
411,87,0,704,772,666,629,742,772
411,137,0,1262,757,1243,614,1282,757
411,90,0,1051,813,1013,654,1090,813
411,164,0,1037,809,1014,654,1061,809
412,1,0,930,1029,888,833,972,1029
412,125,0,534,798,499,638,570,798
412,87,0,701,773,665,629,737,773
412,137,0,1263,758,1243,613,1283,758
412,90,0,1051,815,1011,655,1091,815
412,164,0,1036,812,1011,655,1062,812
413,1,0,930,1029,888,833,972,1029
413,125,0,533,801,495,634,572,801
413,87,0,698,772,665,631,731,772
413,137,0,1264,758,1243,612,1285,758
413,90,0,1049,817,1007,657,1091,817
413,164,0,1035,814,1008,655,1063,814
413,161,0,1289,763,1244,614,1335,763
414,1,0,929,1028,888,833,971,1028
414,125,0,530,798,492,609,569,798
414,87,0,696,772,666,632,726,772
414,137,0,1265,757,1243,613,1288,757
414,90,0,1048,815,1005,661,1091,815
414,164,0,1034,814,1006,654,1063,814
415,1,0,929,1028,888,833,971,1028
415,125,0,529,797,489,622,569,797
415,87,0,695,772,667,632,723,772
415,137,0,1266,756,1243,613,1290,756
415,90,0,1046,812,1002,662,1090,812
415,164,0,1033,812,1003,658,1064,812
416,1,0,928,1029,887,833,970,1029
416,125,0,525,797,486,614,565,797
416,87,0,688,772,659,635,718,772
416,137,0,1268,755,1244,612,1293,755
416,90,0,1040,814,1000,661,1081,814
416,164,0,1029,813,1000,658,1058,813
417,1,0,928,1029,887,833,970,1029
417,125,0,523,797,483,609,564,797
417,87,0,676,772,642,636,711,772
417,137,0,1269,755,1244,612,1295,755
417,90,0,1042,812,998,659,1087,812
417,164,0,1025,814,998,658,1053,814
418,1,0,927,1029,886,833,969,1029
418,125,0,517,789,481,609,553,789
418,87,0,670,772,634,636,707,772
418,137,0,1270,755,1244,612,1297,755
418,90,0,1044,816,997,656,1091,816
418,164,0,1029,815,997,656,1061,815
419,1,0,926,1029,885,833,968,1029
419,125,0,508,782,477,611,540,782
419,87,0,665,772,628,637,703,772
419,137,0,1271,756,1245,612,1298,756
419,90,0,1030,816,996,654,1065,816
419,164,0,1032,815,996,656,1069,815
420,1,0,925,1029,883,832,968,1029
420,125,0,502,778,471,613,534,778
420,87,0,661,768,624,638,698,768
420,137,0,1273,754,1248,614,1299,754
421,1,0,924,1029,882,832,967,1029
421,125,0,499,778,467,616,531,778
421,87,0,658,767,619,637,697,767
421,137,0,1277,756,1249,616,1305,756
421,90,0,1034,816,995,655,1073,816
422,1,0,924,1029,881,831,967,1029
422,125,0,494,776,462,627,527,776
422,87,0,655,775,613,637,697,775
422,137,0,1278,755,1250,618,1307,755
422,166,0,1025,816,997,651,1053,816
422,90,0,1036,816,994,655,1078,816
423,1,0,923,1029,880,831,967,1029
423,125,0,492,779,459,634,525,779
423,87,0,652,777,607,637,698,777
423,137,0,1280,756,1251,619,1309,756
423,166,0,1025,816,997,650,1053,816
423,90,0,1035,816,991,654,1080,816
424,1,0,922,1028,879,831,966,1028
424,125,0,491,788,455,638,527,788
424,87,0,652,777,605,640,699,777
424,137,0,1281,758,1251,620,1311,758
424,166,0,1023,815,995,651,1051,815
424,90,0,1037,816,990,654,1084,816
425,1,0,921,1028,878,831,965,1028
425,125,0,489,791,452,641,526,791
425,87,0,652,780,605,642,700,780
425,137,0,1282,759,1251,621,1313,759
425,166,0,1023,816,992,655,1055,816
425,90,0,1035,816,988,655,1083,816
426,1,0,921,1029,879,830,964,1029
426,125,0,485,795,445,642,525,795
426,87,0,651,778,604,644,699,778
426,137,0,1282,760,1251,624,1313,760
426,166,0,1025,816,992,656,1058,816
426,90,0,1036,816,988,656,1084,816
427,1,0,921,1028,879,830,964,1028
427,125,0,481,793,443,643,520,793
427,87,0,647,776,603,647,692,776
427,137,0,1282,759,1251,625,1313,759
427,166,0,1022,814,993,655,1051,814
427,90,0,1029,816,988,656,1071,816
428,1,0,921,1029,879,830,964,1029
428,125,0,482,790,447,643,517,790
428,87,0,644,775,604,650,684,775
428,137,0,1283,759,1254,625,1313,759
428,166,0,1020,815,990,656,1051,815
428,90,0,1031,815,988,656,1075,815
429,1,0,920,1029,878,830,963,1029
429,125,0,486,792,451,643,522,792
429,87,0,639,777,603,656,676,777
429,137,0,1287,760,1259,625,1315,760
429,166,0,1022,816,994,655,1050,816
429,90,0,1037,815,993,655,1082,815
430,1,0,920,1029,878,830,962,1029
430,125,0,485,793,448,644,522,793
430,87,0,638,783,604,659,673,783
430,137,0,1292,759,1266,624,1318,759
430,166,0,1022,815,998,653,1047,815
430,90,0,1033,816,994,655,1072,816
431,1,0,920,1029,878,830,962,1029
431,125,0,481,790,441,645,521,790
431,87,0,641,792,601,664,682,792
431,137,0,1296,759,1271,624,1321,759
431,166,0,1023,816,996,655,1051,816
431,90,0,1037,815,994,656,1080,815
432,1,0,920,1029,878,830,963,1029
432,125,0,478,788,436,646,521,788
432,87,0,644,797,601,666,687,797
432,137,0,1302,758,1276,625,1329,758
432,166,0,1023,817,996,656,1050,817
432,90,0,1038,815,995,656,1081,815
433,1,0,921,1029,879,830,964,1029
433,125,0,474,784,431,648,517,784
433,87,0,647,798,602,667,692,798
433,137,0,1309,757,1282,625,1336,757
433,166,0,1023,816,999,656,1047,816
433,90,0,1040,815,996,656,1084,815
434,1,0,922,1029,880,830,965,1029
434,125,0,470,781,431,650,509,781
434,87,0,646,800,601,669,692,800
434,137,0,1315,757,1287,625,1344,757
434,166,0,1024,815,1001,655,1047,815
434,90,0,1040,815,996,656,1084,815
435,1,0,924,1029,882,831,966,1029
435,125,0,467,780,430,651,505,780
435,87,0,644,799,602,669,686,799
435,137,0,1320,758,1289,625,1352,758
435,166,0,1024,815,1001,655,1047,815
435,90,0,1039,815,993,656,1085,815
436,1,0,926,1029,884,832,969,1029
436,125,0,465,778,429,651,501,778
436,87,0,648,806,607,671,690,806
436,137,0,1324,758,1291,627,1358,758
436,166,0,1023,815,1000,655,1047,815
436,90,0,1030,816,992,656,1069,816
437,1,0,929,1029,886,833,972,1029
437,125,0,464,780,428,650,501,780
437,87,0,644,803,610,672,678,803
437,137,0,1328,760,1292,628,1364,760
437,166,0,1023,815,1000,655,1046,815
437,90,0,1035,816,991,655,1080,816
438,1,0,930,1029,887,834,974,1029
438,125,0,462,778,428,649,496,778
438,87,0,641,802,613,674,670,802
438,137,0,1330,762,1292,629,1369,762
438,166,0,1022,815,998,654,1046,815
438,90,0,1031,816,991,654,1071,816
439,1,0,932,1029,890,834,975,1029
439,125,0,460,778,428,649,492,778
439,87,0,638,803,612,675,664,803
439,137,0,1333,764,1293,629,1374,764
439,166,0,1022,816,998,653,1047,816
439,90,0,1037,816,990,654,1085,816
440,1,0,934,1029,893,835,976,1029
440,125,0,467,772,443,648,492,772
440,87,0,636,804,611,677,661,804
440,137,0,1334,765,1293,629,1376,765
440,166,0,1022,815,998,653,1047,815
440,90,0,1039,816,989,654,1090,816
441,1,0,936,1029,895,836,977,1029
441,125,0,465,775,437,648,493,775
441,87,0,633,804,609,678,657,804
441,137,0,1336,764,1295,629,1377,764
441,166,0,1023,816,999,654,1047,816
441,90,0,1040,816,989,654,1091,816
442,1,0,938,1028,898,835,979,1028
442,125,0,467,776,437,648,498,776
442,87,0,631,806,608,678,655,806
442,137,0,1340,763,1302,629,1378,763
442,166,0,1023,816,999,654,1048,816
442,90,0,1040,816,990,654,1091,816
443,1,0,941,1028,901,836,981,1028
443,125,0,473,771,440,651,506,771
443,87,0,630,813,606,678,655,813
443,137,0,1344,768,1309,629,1380,768
443,166,0,1024,816,1000,653,1048,816
443,90,0,1041,816,991,655,1092,816
444,1,0,944,1028,905,836,984,1028
444,125,0,478,775,441,654,515,775
444,87,0,630,821,606,679,654,821
444,137,0,1345,765,1314,629,1376,765
444,166,0,1023,816,998,654,1048,816
444,90,0,1040,816,990,655,1091,816
445,1,0,947,1029,908,836,987,1029
445,125,0,482,774,443,656,522,774
445,87,0,629,825,605,679,653,825
445,137,0,1346,766,1319,629,1374,766
445,166,0,1021,815,995,654,1048,815
445,90,0,1040,816,989,655,1091,816
445,170,0,644,829,606,680,683,829
446,1,0,951,1029,911,836,991,1029
446,125,0,484,777,442,658,526,777
446,137,0,1347,770,1321,629,1373,770
446,166,0,1020,815,993,655,1048,815
446,90,0,1041,815,990,656,1092,815
446,170,0,639,828,605,681,673,828
447,1,0,954,1029,915,836,993,1029
447,125,0,486,782,444,660,529,782
447,137,0,1350,774,1326,628,1374,774
447,166,0,1023,816,991,655,1055,816
447,90,0,1041,816,990,656,1093,816
447,170,0,637,828,604,682,671,828
447,87,0,627,825,603,681,652,825
448,1,0,956,1029,918,836,995,1029
448,125,0,488,785,446,661,530,785
448,137,0,1353,774,1331,628,1376,774
448,166,0,1022,816,989,655,1055,816
448,90,0,1038,815,989,655,1087,815
448,170,0,635,833,601,680,670,833
448,87,0,626,828,600,681,652,828
449,1,0,959,1029,922,837,996,1029
449,125,0,488,785,448,664,528,785
449,137,0,1354,768,1333,631,1375,768
449,166,0,1024,815,990,654,1058,815
449,90,0,1040,815,990,655,1090,815
449,170,0,633,844,591,672,675,844
450,1,0,961,1029,925,837,997,1029
450,125,0,497,787,467,665,528,787
450,137,0,1355,769,1335,633,1375,769
450,166,0,1022,815,989,654,1055,815
450,170,0,625,839,586,674,664,839
451,1,0,963,1028,927,838,999,1028
451,125,0,500,787,470,665,531,787
451,137,0,1357,773,1338,633,1377,773
451,166,0,1022,815,989,654,1056,815
451,170,0,621,841,581,670,662,841
452,1,0,964,1028,929,838,999,1028
452,125,0,506,786,478,665,535,786
452,137,0,1359,776,1338,634,1381,776
452,166,0,1024,816,989,654,1059,816
452,170,0,621,839,579,672,663,839
453,1,0,967,1028,933,839,1001,1028
453,125,0,513,786,483,665,544,786
453,137,0,1361,778,1339,636,1384,778
453,166,0,1028,813,991,653,1065,813
453,170,0,630,857,580,661,681,857
453,174,0,1373,778,1340,634,1407,778
454,1,0,969,1027,935,838,1003,1027
454,125,0,520,789,484,664,557,789
454,137,0,1362,778,1340,636,1385,778
454,166,0,1030,812,991,653,1070,812
454,170,0,624,843,582,653,667,843
455,1,0,971,1027,937,838,1006,1027
455,125,0,521,792,485,663,557,792
455,137,0,1363,776,1341,636,1386,776
455,170,0,632,858,583,648,682,858
455,87,0,620,858,586,649,655,858
455,90,0,1037,811,991,653,1084,811
456,1,0,973,1028,938,839,1008,1028
456,125,0,524,792,487,662,562,792
456,137,0,1366,775,1343,636,1389,775
456,87,0,616,838,583,646,649,838
456,90,0,1040,811,992,653,1088,811
457,1,0,974,1028,939,840,1009,1028
457,125,0,529,793,489,663,569,793
457,137,0,1370,775,1349,637,1391,775
457,87,0,612,834,579,649,646,834
457,90,0,1043,817,992,655,1095,817
457,170,0,634,856,578,648,691,856
458,1,0,976,1028,940,841,1012,1028
458,125,0,533,801,491,663,575,801
458,137,0,1373,775,1353,637,1394,775
458,90,0,1044,815,996,658,1093,815
458,170,0,625,858,576,658,675,858
459,1,0,977,1028,941,841,1014,1028
459,125,0,549,800,517,663,582,800
459,137,0,1376,778,1354,637,1399,778
459,90,0,1045,812,1002,661,1088,812
459,87,0,610,845,576,666,645,845
460,1,0,978,1028,941,841,1016,1028
460,125,0,563,800,525,662,602,800
460,137,0,1380,778,1354,638,1407,778
460,90,0,1049,811,1008,663,1090,811
460,87,0,610,846,573,678,648,846
461,1,0,979,1028,941,841,1018,1028
461,125,0,570,800,531,664,609,800
461,137,0,1384,778,1355,638,1414,778
461,90,0,1051,810,1011,665,1091,810
461,87,0,613,845,578,695,648,845
462,1,0,981,1028,942,841,1021,1028
462,137,0,1387,777,1354,639,1421,777
462,90,0,1054,811,1013,665,1096,811
462,170,0,596,854,546,665,647,854
463,1,0,983,1028,944,841,1023,1028
463,137,0,1391,776,1353,640,1429,776
463,90,0,1057,811,1013,666,1102,811
463,170,0,593,851,543,666,643,851
463,125,0,586,805,543,665,630,805
464,1,0,986,1029,947,841,1025,1029
464,137,0,1394,779,1354,642,1434,779
464,90,0,1060,810,1013,665,1108,810
464,170,0,587,843,538,665,637,843
465,1,0,989,1028,951,841,1027,1028
465,137,0,1396,781,1354,644,1438,781
465,90,0,1060,809,1012,662,1108,809
465,170,0,581,844,528,663,634,844
466,1,0,991,1028,954,841,1029,1028
466,137,0,1401,790,1355,647,1447,790
466,90,0,1057,807,1011,662,1103,807
466,170,0,581,862,519,664,644,862
467,1,0,994,1028,958,841,1031,1028
467,137,0,1402,793,1354,649,1450,793
467,90,0,1058,805,1011,661,1105,805
467,170,0,581,870,515,670,647,870
468,1,0,996,1028,960,841,1032,1028
468,137,0,1405,792,1362,651,1448,792
468,90,0,1059,803,1012,661,1107,803
468,170,0,576,874,512,699,641,874
468,125,0,625,805,593,666,657,805
469,1,0,998,1028,962,839,1034,1028
469,137,0,1406,794,1366,652,1446,794
469,90,0,1063,805,1014,661,1112,805
469,170,0,574,882,511,710,638,882
469,125,0,633,806,604,667,663,806
470,1,0,1001,1028,965,838,1037,1028
470,137,0,1412,797,1369,653,1455,797
470,90,0,1078,803,1038,662,1119,803
470,170,0,571,879,512,717,631,879
470,125,0,639,808,610,668,668,808
471,1,0,1003,1029,967,838,1040,1029
471,137,0,1410,797,1373,654,1447,797
471,90,0,1087,803,1047,663,1128,803
471,170,0,572,886,515,720,629,886
471,125,0,643,808,615,670,672,808
472,1,0,1005,1028,969,839,1041,1028
472,137,0,1408,794,1375,654,1442,794
472,90,0,1093,804,1050,664,1137,804
472,170,0,574,889,520,723,629,889
472,125,0,651,806,623,668,679,806
473,1,0,1006,1027,969,840,1044,1027
473,137,0,1408,793,1375,653,1442,793
473,90,0,1102,802,1060,665,1145,802
473,170,0,574,889,528,725,621,889
473,125,0,656,805,625,667,687,805
474,1,0,1008,1027,969,840,1047,1027
474,137,0,1411,796,1376,653,1447,796
474,90,0,1115,801,1075,665,1155,801
474,170,0,573,887,531,727,615,887
474,125,0,663,806,627,665,700,806
475,1,0,1009,1028,970,841,1049,1028
475,137,0,1415,798,1379,654,1451,798
475,90,0,1121,799,1081,665,1161,799
475,170,0,568,887,528,727,608,887
475,125,0,670,804,629,663,711,804
476,1,0,1012,1027,971,841,1053,1027
476,137,0,1424,805,1385,656,1464,805
476,90,0,1125,805,1082,664,1168,805
476,170,0,559,885,525,727,593,885
476,125,0,677,805,633,662,721,805
477,1,0,1014,1027,973,842,1055,1027
477,137,0,1436,810,1394,658,1479,810
477,90,0,1126,801,1082,662,1170,801
477,170,0,554,885,521,726,587,885
477,125,0,689,815,638,662,740,815
477,185,0,1420,809,1394,655,1446,809
478,1,0,1016,1027,975,842,1057,1027
478,137,0,1442,810,1403,660,1482,810
478,90,0,1128,799,1081,661,1175,799
478,170,0,549,885,515,726,584,885
478,125,0,693,814,642,663,744,814
478,185,0,1423,803,1401,659,1446,803
479,1,0,1016,1027,975,840,1058,1027
479,137,0,1439,808,1408,664,1470,808
479,90,0,1130,797,1080,658,1181,797
479,170,0,547,885,512,725,583,885
479,125,0,696,814,648,665,745,814
479,185,0,1426,800,1406,665,1447,800
480,1,0,1018,1028,977,839,1059,1028
480,90,0,1135,796,1082,657,1189,796
480,170,0,547,888,512,725,583,888
480,125,0,706,815,664,667,749,815
480,185,0,1424,802,1399,668,1450,802
481,1,0,1020,1028,979,839,1061,1028
481,90,0,1140,798,1087,656,1194,798
481,170,0,547,885,512,725,582,885
481,125,0,720,817,679,669,761,817
481,185,0,1424,804,1396,669,1452,804
482,1,0,1022,1028,981,839,1063,1028
482,90,0,1145,800,1092,656,1199,800
482,170,0,548,884,514,727,582,884
482,125,0,734,818,695,670,773,818
482,185,0,1423,805,1394,670,1453,805
483,1,0,1024,1028,982,839,1066,1028
483,90,0,1146,798,1093,657,1200,798
483,170,0,551,886,519,731,583,886
483,125,0,741,812,710,669,772,812
483,185,0,1422,805,1392,669,1453,805
484,1,0,1027,1028,984,837,1070,1028
484,90,0,1151,800,1091,654,1211,800
484,170,0,555,891,526,733,585,891
484,125,0,748,812,719,667,777,812
484,185,0,1424,808,1393,667,1455,808
485,1,0,1029,1028,986,836,1072,1028
485,90,0,1164,803,1112,654,1216,803
485,170,0,556,893,526,735,586,893
485,125,0,752,812,719,660,785,812
485,185,0,1427,811,1395,666,1459,811
486,1,0,1032,1027,989,836,1075,1027
486,90,0,1176,804,1129,654,1223,804
486,170,0,557,895,527,737,587,895
486,125,0,758,820,717,655,800,820
486,185,0,1429,814,1397,666,1461,814
487,1,0,1034,1027,992,835,1077,1027
487,90,0,1187,798,1146,661,1228,798
487,170,0,558,896,529,738,587,896
487,125,0,763,822,713,657,814,822
487,185,0,1429,820,1387,666,1472,820
488,1,0,1036,1027,993,835,1079,1027
488,90,0,1198,796,1161,664,1236,796
488,170,0,559,898,531,739,587,898
488,125,0,775,820,725,658,826,820
488,185,0,1432,822,1387,667,1477,822
489,1,0,1038,1027,996,834,1081,1027
489,90,0,1208,795,1175,668,1242,795
489,170,0,558,898,532,739,585,898
489,125,0,778,827,716,646,840,827
489,185,0,1436,824,1389,670,1484,824
490,1,0,1039,1026,997,834,1082,1026
490,90,0,1217,796,1184,668,1250,796
490,170,0,559,898,533,739,585,898
490,125,0,781,828,715,643,848,828
490,185,0,1442,826,1395,673,1490,826
491,1,0,1041,1026,997,833,1085,1026
491,90,0,1223,797,1190,670,1256,797
491,170,0,559,898,533,738,586,898
491,125,0,788,829,720,658,857,829
491,185,0,1447,826,1404,676,1491,826
492,1,0,1042,1027,998,833,1086,1027
492,90,0,1228,797,1192,670,1264,797
492,170,0,560,898,534,737,586,898
492,125,0,796,830,728,668,864,830
492,185,0,1453,835,1409,681,1498,835
493,1,0,1042,1027,998,832,1087,1027
493,90,0,1232,797,1193,669,1272,797
493,170,0,560,898,535,737,586,898
493,125,0,802,827,739,674,866,827
493,185,0,1453,830,1414,685,1492,830
494,1,0,1043,1027,998,832,1088,1027
494,90,0,1235,795,1191,669,1279,795
494,170,0,562,899,537,736,587,899
494,125,0,811,828,753,679,870,828
494,185,0,1446,826,1414,689,1479,826
495,1,0,1043,1027,998,832,1089,1027
495,90,0,1239,794,1191,668,1287,794
495,170,0,563,900,539,736,588,900
495,125,0,818,825,769,682,867,825
495,185,0,1444,827,1414,692,1474,827
496,1,0,1043,1027,998,832,1089,1027
496,90,0,1242,795,1193,667,1292,795
496,170,0,564,900,539,735,590,900
496,125,0,834,828,791,685,877,828
496,185,0,1443,829,1414,696,1473,829
497,1,0,1043,1027,997,832,1089,1027
497,90,0,1245,798,1192,666,1298,798
497,170,0,564,901,537,735,592,901
497,125,0,846,827,809,686,884,827
497,185,0,1442,831,1413,699,1472,831
498,1,0,1041,1027,996,832,1087,1027
498,90,0,1244,798,1192,666,1296,798
498,170,0,564,901,535,735,594,901
498,125,0,853,829,816,686,891,829
498,185,0,1439,834,1408,701,1471,834
499,1,0,1040,1026,995,832,1086,1026
499,90,0,1245,797,1193,666,1298,797
499,170,0,565,904,534,736,597,904
499,125,0,862,833,821,686,903,833
499,185,0,1440,841,1404,704,1477,841
500,1,0,1039,1026,994,831,1084,1026
500,90,0,1251,795,1200,667,1303,795
500,170,0,566,906,533,737,599,906
500,125,0,863,833,825,686,902,833
500,185,0,1440,844,1403,705,1478,844
501,1,0,1038,1026,993,831,1083,1026
501,90,0,1257,796,1208,666,1307,796
501,170,0,567,910,533,738,602,910
501,125,0,861,830,828,679,894,830
501,185,0,1438,845,1403,707,1474,845
502,1,0,1036,1026,992,830,1081,1026
502,90,0,1267,796,1224,666,1311,796
502,170,0,570,909,535,740,605,909
502,125,0,859,828,830,662,888,828
502,185,0,1439,847,1405,708,1474,847
503,1,0,1035,1026,991,830,1079,1026
503,90,0,1280,794,1245,664,1315,794
503,170,0,573,907,538,740,609,907
503,125,0,858,826,832,649,884,826
503,185,0,1442,850,1409,708,1476,850
504,1,0,1033,1026,990,829,1077,1026
504,90,0,1290,793,1261,661,1319,793
504,170,0,576,907,541,741,612,907
504,125,0,856,824,833,642,880,824
504,185,0,1442,850,1412,709,1473,850
505,1,0,1032,1026,988,829,1076,1026
505,90,0,1297,791,1271,659,1323,791
505,170,0,580,910,544,740,617,910
505,125,0,855,823,833,641,878,823
505,185,0,1443,850,1412,709,1475,850
506,1,0,1031,1027,987,829,1075,1027
506,90,0,1302,790,1277,656,1327,790
506,170,0,584,912,547,740,621,912
506,125,0,855,822,830,643,881,822
506,185,0,1442,853,1406,708,1478,853
507,1,0,1030,1027,986,828,1074,1027
507,90,0,1306,790,1280,653,1332,790
507,170,0,585,914,548,740,623,914
507,125,0,853,820,824,641,882,820
507,185,0,1437,854,1395,708,1480,854
508,1,0,1029,1027,985,828,1073,1027
508,90,0,1310,791,1282,651,1338,791
508,170,0,587,914,550,740,624,914
508,125,0,854,812,823,641,886,812
508,185,0,1436,856,1387,707,1486,856
509,1,0,1028,1027,984,827,1073,1027
509,90,0,1313,793,1283,649,1343,793
509,170,0,588,913,553,740,624,913
509,125,0,860,804,828,636,892,804
509,185,0,1433,863,1376,705,1491,863
510,1,0,1028,1027,983,827,1073,1027
510,90,0,1315,793,1285,648,1346,793
510,170,0,589,913,555,740,624,913
510,125,0,861,798,831,633,891,798
510,185,0,1430,865,1368,704,1492,865
511,1,0,1028,1027,983,826,1073,1027
511,90,0,1318,794,1287,649,1350,794
511,170,0,590,913,557,739,624,913
511,125,0,863,793,833,630,894,793
511,185,0,1426,866,1363,704,1490,866
512,1,0,1028,1027,983,826,1074,1027
512,90,0,1323,792,1290,649,1356,792
512,170,0,591,913,559,739,623,913
512,125,0,864,787,836,630,893,787
512,185,0,1423,866,1359,706,1488,866
513,1,0,1029,1027,984,825,1074,1027
513,90,0,1329,791,1295,650,1363,791
513,170,0,593,913,560,738,627,913
513,125,0,868,786,839,631,898,786
513,185,0,1420,867,1359,706,1482,867
514,1,0,1030,1027,985,826,1075,1027
514,90,0,1335,781,1302,652,1369,781
514,170,0,595,913,561,738,630,913
514,125,0,871,789,842,629,901,789
514,185,0,1414,870,1354,707,1474,870
515,1,0,1031,1027,987,825,1075,1027
515,90,0,1342,778,1310,656,1375,778
515,170,0,597,913,561,737,633,913
515,125,0,873,795,843,630,904,795
515,185,0,1407,869,1357,710,1457,869
516,1,0,1032,1027,988,825,1076,1027
516,90,0,1350,787,1319,659,1381,787
516,170,0,597,913,561,737,634,913
516,125,0,875,801,843,618,908,801
516,185,0,1401,868,1354,714,1448,868
517,1,0,1033,1027,990,825,1076,1027
517,90,0,1355,799,1327,662,1384,799
517,170,0,599,914,561,737,637,914
517,125,0,876,808,843,618,910,808
517,185,0,1400,869,1360,718,1440,869
518,1,0,1034,1027,991,825,1077,1027
518,90,0,1360,781,1333,665,1387,781
518,170,0,599,914,560,737,639,914
518,125,0,884,817,842,632,926,817
518,185,0,1399,869,1363,721,1436,869
519,1,0,1035,1026,992,825,1078,1026
519,170,0,600,914,560,737,640,914
519,125,0,881,813,843,641,919,813
519,185,0,1388,875,1345,686,1431,875
520,1,0,1036,1026,994,825,1079,1026
520,170,0,600,913,560,736,640,913
520,125,0,879,810,843,648,915,810
520,185,0,1385,879,1341,675,1430,879
521,1,0,1038,1026,996,825,1080,1026
521,170,0,599,913,559,736,640,913
521,125,0,879,808,845,650,914,808
521,185,0,1388,880,1342,670,1434,880
521,192,0,1397,879,1371,723,1424,879
522,1,0,1038,1026,997,824,1080,1026
522,170,0,599,913,559,735,640,913
522,125,0,884,807,852,653,917,807
522,185,0,1387,881,1344,667,1431,881
522,192,0,1397,879,1370,726,1424,879
523,1,0,1039,1026,997,824,1081,1026
523,170,0,598,913,557,735,639,913
523,125,0,887,807,857,655,918,807
523,185,0,1389,883,1347,664,1432,883
523,192,0,1396,880,1368,734,1424,880
524,1,0,1040,1026,998,824,1082,1026
524,170,0,597,915,556,735,639,915
524,125,0,889,806,861,653,918,806
524,185,0,1384,881,1349,658,1420,881
524,192,0,1395,880,1366,736,1425,880
525,1,0,1040,1026,998,824,1082,1026
525,170,0,596,915,554,735,639,915
525,125,0,891,807,863,651,920,807
525,185,0,1388,884,1351,654,1426,884
525,192,0,1392,882,1362,729,1423,882
526,1,0,1040,1026,999,824,1082,1026
526,170,0,595,913,552,735,639,913
526,125,0,893,808,865,649,922,808
526,185,0,1392,885,1354,649,1430,885
526,192,0,1392,883,1361,728,1424,883
527,1,0,1041,1026,999,824,1083,1026
527,170,0,594,913,550,735,638,913
527,125,0,894,808,865,648,923,808
527,192,0,1395,884,1356,725,1435,884
528,1,0,1040,1026,998,824,1083,1026
528,170,0,592,913,548,734,636,913
528,125,0,895,807,866,647,924,807
528,192,0,1394,884,1353,722,1436,884
529,1,0,1041,1026,998,825,1084,1026
529,170,0,589,913,546,733,633,913
529,125,0,896,807,866,645,926,807
529,192,0,1391,883,1350,717,1432,883
529,195,0,1377,713,1356,644,1399,713
530,1,0,1041,1026,998,825,1084,1026
530,170,0,587,913,544,732,631,913
530,125,0,897,808,866,644,928,808
530,192,0,1389,883,1348,712,1430,883
530,195,0,1376,712,1354,641,1399,712
531,1,0,1041,1026,998,825,1084,1026
531,170,0,585,914,543,731,627,914
531,125,0,899,807,867,643,931,807
531,192,0,1386,882,1347,711,1426,882
531,195,0,1377,713,1353,642,1401,713
532,1,0,1041,1026,998,825,1084,1026
532,170,0,583,914,542,730,625,914
532,125,0,900,806,868,644,933,806
532,192,0,1385,882,1346,707,1425,882
532,195,0,1378,715,1353,643,1403,715
533,1,0,1041,1026,998,825,1084,1026
533,170,0,583,914,542,730,624,914
533,125,0,900,805,869,644,931,805
533,192,0,1384,882,1345,700,1423,882
533,195,0,1382,742,1353,643,1412,742
534,1,0,1041,1026,998,824,1085,1026
534,170,0,583,915,542,729,624,915
534,125,0,900,804,869,644,932,804
534,192,0,1382,881,1343,699,1421,881
534,195,0,1388,765,1356,649,1420,765
535,1,0,1041,1026,998,824,1085,1026
535,170,0,582,914,542,729,622,914
535,125,0,902,807,870,645,935,807
535,192,0,1377,881,1341,717,1414,881
535,195,0,1391,775,1360,657,1423,775
536,1,0,1041,1026,998,824,1085,1026
536,170,0,581,913,541,728,621,913
536,125,0,905,808,870,646,941,808
536,192,0,1374,882,1339,720,1410,882
536,195,0,1391,777,1361,666,1422,777
537,1,0,1041,1026,998,824,1085,1026
537,170,0,580,911,541,726,620,911
537,125,0,904,807,870,646,939,807
537,192,0,1372,880,1338,719,1406,880
537,195,0,1391,773,1362,673,1421,773
538,1,0,1041,1026,998,824,1085,1026
538,170,0,582,910,543,725,621,910
538,125,0,907,806,871,647,943,806
538,192,0,1370,880,1336,719,1404,880
538,195,0,1393,766,1364,678,1422,766
539,1,0,1041,1026,998,824,1085,1026
539,170,0,582,908,544,724,621,908
539,125,0,905,806,871,647,939,806
539,192,0,1369,879,1335,718,1403,879
539,195,0,1393,765,1365,680,1422,765
540,1,0,1041,1027,998,825,1085,1027
540,170,0,584,908,545,724,623,908
540,125,0,902,806,872,647,933,806
540,192,0,1368,876,1333,717,1404,876
540,195,0,1395,762,1368,682,1423,762
541,1,0,1041,1027,998,825,1085,1027
541,170,0,585,907,546,723,624,907
541,125,0,900,806,872,647,928,806
541,192,0,1367,875,1331,714,1403,875
541,195,0,1395,763,1368,682,1422,763
542,1,0,1041,1027,998,825,1085,1027
542,170,0,587,906,549,723,625,906
542,125,0,897,806,871,647,924,806
542,192,0,1367,873,1330,709,1404,873
542,195,0,1394,765,1366,683,1422,765
543,1,0,1041,1027,998,825,1085,1027
543,170,0,591,906,553,722,630,906
543,125,0,896,806,870,646,923,806
543,192,0,1366,874,1327,704,1406,874
543,195,0,1393,778,1364,683,1422,778
544,1,0,1041,1027,998,825,1085,1027
544,170,0,594,905,557,723,631,905
544,125,0,895,807,868,646,922,807
544,192,0,1366,874,1325,702,1407,874
544,195,0,1393,769,1365,681,1422,769
545,1,0,1041,1027,998,825,1085,1027
545,170,0,596,905,559,723,634,905
545,125,0,893,807,865,646,922,807
545,192,0,1365,874,1324,703,1406,874
545,195,0,1394,804,1365,681,1423,804
546,1,0,1041,1027,998,825,1085,1027
546,170,0,598,905,561,723,635,905
546,125,0,892,807,863,646,922,807
546,192,0,1363,874,1321,702,1405,874
546,195,0,1394,843,1365,681,1423,843
547,1,0,1041,1027,998,825,1085,1027
547,170,0,600,905,563,722,637,905
547,125,0,892,806,863,647,921,806
547,192,0,1360,872,1320,701,1401,872
547,195,0,1395,855,1365,681,1425,855
547,200,0,1395,767,1366,677,1424,767
548,1,0,1042,1027,998,825,1086,1027
548,170,0,600,905,563,722,638,905
548,125,0,891,806,860,647,922,806
548,192,0,1360,872,1319,700,1401,872
548,195,0,1394,867,1364,679,1425,867
548,200,0,1395,770,1366,676,1424,770
549,1,0,1043,1027,1000,825,1087,1027
549,170,0,603,903,565,721,641,903
549,125,0,891,807,858,647,924,807
549,192,0,1357,871,1317,699,1398,871
549,195,0,1394,865,1364,675,1424,865
549,200,0,1393,766,1365,671,1421,766
550,1,0,1043,1027,1000,825,1087,1027
550,170,0,604,903,565,720,643,903
550,125,0,888,808,853,648,924,808
550,192,0,1356,870,1316,698,1397,870
550,195,0,1393,863,1364,672,1423,863
550,200,0,1393,769,1365,669,1422,769
551,1,0,1044,1027,1000,825,1089,1027
551,170,0,606,902,566,719,646,902
551,125,0,888,810,849,648,928,810
551,192,0,1358,871,1318,697,1398,871
551,195,0,1393,856,1364,670,1423,856
551,200,0,1392,774,1364,667,1420,774
552,1,0,1045,1027,1001,825,1089,1027
552,170,0,606,900,567,718,645,900
552,125,0,887,810,845,648,930,810
552,192,0,1359,871,1319,697,1399,871
552,195,0,1393,849,1365,669,1422,849
552,200,0,1392,767,1366,666,1419,767
553,1,0,1045,1027,1001,826,1090,1027
553,170,0,606,898,568,717,644,898
553,125,0,886,809,843,648,930,809
553,192,0,1358,871,1319,696,1397,871
553,200,0,1393,764,1367,664,1419,764
